Employee_ID,Employee_Name,Age,Age_Group,Years_of_Service,Experience_Category,Position,Gender,Department,Salary,Income_Group,Performance_Rating,Work_Hours,Attrition,Promotion,Training_Hours,Training_Hours_Category,Employer_Satisfaction_Score,Education_Level,Employee_Engagement_Score,Absenteeism,Absenteeism_Category,Distance_from_Work,Distance_from_Work_Category,JobSatisfaction_PeerRelationship,JobSatisfaction_WorkLifeBalance,JobSatisfaction_Compensation,JobSatisfaction_Management,JobSatisfaction_JobSecurity,Employee_Satisfaction_Score,EmployeeBenefit_HealthInsurance,EmployeeBenefit_PaidLeave,EmployeeBenefit_RetirementPlan,EmployeeBenefit_GymMembership,EmployeeBenefit_ChildCare,Employee_Benefit_Score
E00192,Pari Sarkar,50,41-50,33,15+ Years,Account Executive,F,Sales,8713442,80-90 Lacs,3,45,Yes,Yes,32,31-40 Hours,5,Bachelor's,4,2,0-5 Days,36.48,31-40 kms,0,1,1,0,1,60,0,1,1,0,0,40
E00214,Elakshi Sama,50,41-50,20,15+ Years,Account Executive,F,Sales,9310918,90 Lacs-1 Cr,2,55,Yes,No,26,21-30 Hours,1,Master's,5,16,15+ Days,48.52,40+ kms,0,0,0,0,1,20,1,0,0,0,0,20
E00270,Madhav Dixit,43,41-50,20,15+ Years,Account Executive,F,Sales,3202420,30-40 Lacs,3,50,Yes,No,13,11-20 Hours,1,Diploma,4,2,0-5 Days,17.21,11-20 kms,0,1,0,0,0,20,1,1,1,1,1,100
E00245,Miraan Shroff,50,41-50,16,15+ Years,Account Executive,F,Sales,5423080,50-60 Lacs,2,40,Yes,Yes,13,11-20 Hours,4,Bachelor's,3,17,15+ Days,23.3,21-30 kms,1,0,0,1,0,40,1,1,1,1,1,100
E00324,Yashvi Chaudhari,50,41-50,15,10-15 Years,Account Executive,F,Sales,5746121,50-60 Lacs,4,40,No,No,20,11-20 Hours,2,Diploma,1,3,0-5 Days,21.67,21-30 kms,0,1,1,1,0,60,1,0,0,0,0,20
E00105,Romil Dey,24,20-30,2,0-2 Years,Account Executive,F,Sales,643174,1-10 Lacs,1,45,Yes,Yes,13,11-20 Hours,4,PhD,2,2,0-5 Days,48.27,40+ kms,1,1,1,1,1,100,1,1,1,0,1,80
E00309,Aarush Gole,31,31-40,2,0-2 Years,Account Executive,F,Sales,714661,1-10 Lacs,1,40,No,Yes,14,11-20 Hours,4,Bachelor's,2,2,0-5 Days,40.13,40+ kms,1,0,1,1,1,80,1,0,1,1,1,80
E00641,Shray Hayer,24,20-30,2,0-2 Years,Account Executive,F,Sales,847362,1-10 Lacs,1,50,Yes,No,37,31-40 Hours,1,Bachelor's,4,11,11-15 Days,45.56,40+ kms,0,1,1,1,1,80,1,1,1,1,1,100
E00441,Ojas Garde,50,41-50,16,15+ Years,Account Executive,M,Sales,6624671,60-70 Lacs,4,45,Yes,Yes,9,0-10 Hours,5,Master's,2,9,6-10 Days,36.08,31-40 kms,0,1,0,0,1,40,1,1,1,1,1,100
E00043,Aradhya Raj,38,31-40,15,10-15 Years,Account Executive,M,Sales,7516570,70-80 Lacs,2,45,Yes,Yes,16,11-20 Hours,5,Diploma,4,4,0-5 Days,41.33,40+ kms,0,1,0,1,0,40,1,1,1,1,1,100
E00034,Parinaaz Shukla,50,41-50,13,10-15 Years,Account Executive,M,Sales,5546691,50-60 Lacs,4,55,Yes,No,50,40+ Hours,3,Bachelor's,2,6,6-10 Days,33.7,31-40 kms,1,1,1,1,0,80,1,0,0,0,0,20
E00156,Hunar Manda,49,41-50,11,10-15 Years,Account Executive,M,Sales,8669262,80-90 Lacs,5,55,No,Yes,20,11-20 Hours,3,PhD,5,8,6-10 Days,30.1,40+ kms,1,1,0,1,0,60,1,0,1,1,1,80
E00578,Azad Chowdhury,31,31-40,9,5-10 Years,Account Executive,M,Sales,2651467,20-30 Lacs,2,50,No,No,25,21-30 Hours,3,Diploma,2,18,15+ Days,21.33,21-30 kms,1,1,1,1,1,100,1,1,1,1,1,100
E00216,Dishani Dua,34,31-40,8,5-10 Years,Account Executive,M,Sales,2146259,20-30 Lacs,3,50,Yes,Yes,35,31-40 Hours,5,Bachelor's,2,20,15+ Days,15.79,11-20 kms,0,0,1,1,1,60,1,1,1,1,1,100
E00670,Indranil Dora,50,41-50,8,5-10 Years,Account Executive,M,Sales,2230065,20-30 Lacs,4,40,No,Yes,18,11-20 Hours,4,Bachelor's,2,17,15+ Days,20.71,40+ kms,1,0,0,0,0,20,0,1,1,0,0,40
E00255,Navya Lalla,31,31-40,7,5-10 Years,Account Executive,M,Sales,2574278,20-30 Lacs,4,45,Yes,Yes,9,0-10 Hours,1,Bachelor's,5,10,6-10 Days,46.81,40+ kms,1,1,1,1,1,100,1,1,0,1,1,80
E00177,Riaan Loyal,48,41-50,3,2-5 Years,Account Executive,M,Sales,1871421,10-20 Lacs,3,55,Yes,Yes,37,31-40 Hours,1,Master's,3,17,15+ Days,16.26,11-20 kms,1,0,0,0,0,20,1,0,1,1,0,60
E00137,Sara Sankar,34,31-40,1,0-2 Years,Account Executive,M,Sales,622479,1-10 Lacs,2,50,No,Yes,25,21-30 Hours,4,PhD,5,1,0-5 Days,22.47,21-30 kms,1,1,1,1,1,100,1,1,0,0,1,60
E00226,Taimur Saraf,26,20-30,1,0-2 Years,Account Executive,M,Sales,668147,1-10 Lacs,4,55,Yes,Yes,49,40+ Hours,1,Bachelor's,3,11,11-15 Days,16.13,11-20 kms,1,1,0,0,1,60,0,0,0,1,0,20
E00362,Zain Wagle,49,41-50,22,15+ Years,Accountant,F,Finance,7283211,70-80 Lacs,4,55,Yes,No,38,31-40 Hours,3,PhD,2,0,0-5 Days,42.32,40+ kms,0,0,0,0,1,20,1,1,0,0,0,40
E00155,Ehsaan Raju,50,41-50,20,15+ Years,Accountant,F,Finance,3811392,30-40 Lacs,3,45,No,No,15,11-20 Hours,2,Master's,5,10,6-10 Days,5.14,0-10 kms,0,0,0,1,0,20,0,1,1,1,1,80
E00138,Ivan Rattan,50,41-50,12,10-15 Years,Accountant,F,Finance,7714380,70-80 Lacs,5,55,No,No,16,11-20 Hours,1,Bachelor's,1,17,15+ Days,35.18,31-40 kms,1,1,1,0,0,60,1,1,0,1,0,60
E00596,Hansh Jani,50,41-50,12,10-15 Years,Accountant,F,Finance,5645763,50-60 Lacs,4,40,Yes,No,19,11-20 Hours,4,Bachelor's,1,6,6-10 Days,39.02,31-40 kms,1,1,1,1,1,100,0,0,0,0,1,20
E00669,Manikya Madan,50,41-50,11,10-15 Years,Accountant,F,Finance,7617202,70-80 Lacs,3,45,No,No,12,11-20 Hours,5,Diploma,4,18,15+ Days,35.3,31-40 kms,1,1,1,0,1,80,1,1,1,1,0,80
E00083,Saanvi Dubey,49,41-50,5,2-5 Years,Accountant,F,Finance,1053435,10-20 Lacs,2,50,Yes,Yes,34,31-40 Hours,4,Master's,4,20,15+ Days,13.15,11-20 kms,0,0,1,0,1,40,1,1,1,1,1,100
E00339,Riaan Sagar,50,41-50,3,2-5 Years,Accountant,F,Finance,1866155,10-20 Lacs,4,40,Yes,No,47,40+ Hours,3,Bachelor's,5,10,6-10 Days,22.27,21-30 kms,1,1,0,1,1,80,0,0,0,0,1,20
E00037,Renee Lala,50,41-50,2,0-2 Years,Accountant,F,Finance,599027,1-10 Lacs,2,40,No,Yes,7,0-10 Hours,4,Diploma,1,17,15+ Days,12.11,11-20 kms,0,1,1,0,1,60,1,1,0,1,1,80
E00706,Vidur Kata,42,41-50,2,0-2 Years,Accountant,F,Finance,571453,1-10 Lacs,1,50,Yes,Yes,46,40+ Hours,1,PhD,5,10,6-10 Days,13.26,11-20 kms,0,1,1,0,0,40,1,1,0,0,0,40
E00408,Renee Chandran,45,41-50,1,0-2 Years,Accountant,F,Finance,907170,1-10 Lacs,2,40,No,Yes,18,11-20 Hours,1,Diploma,4,15,11-15 Days,20.63,40+ kms,1,0,1,0,0,40,1,1,0,1,1,80
E00718,Aniruddh Dada,50,41-50,22,15+ Years,Accountant,M,Finance,7555520,70-80 Lacs,3,40,No,No,43,40+ Hours,1,Master's,3,18,15+ Days,9.01,0-10 kms,0,0,1,1,0,40,1,0,0,0,0,20
E00449,Eva Yohannan,49,41-50,21,15+ Years,Accountant,M,Finance,7703900,70-80 Lacs,2,40,Yes,Yes,25,21-30 Hours,5,Bachelor's,4,15,11-15 Days,30.53,40+ kms,0,0,0,1,0,20,0,1,1,0,1,60
E00541,Trisha Mall,50,41-50,21,15+ Years,Accountant,M,Finance,5439542,50-60 Lacs,3,45,No,Yes,27,21-30 Hours,4,PhD,2,9,6-10 Days,30.38,40+ kms,1,1,0,0,1,60,0,1,0,0,0,20
E00159,Charvi Krish,50,41-50,18,15+ Years,Accountant,M,Finance,3543281,30-40 Lacs,4,45,Yes,Yes,49,40+ Hours,2,Master's,1,0,0-5 Days,49.95,40+ kms,0,1,0,0,0,20,1,1,1,1,1,100
E00352,Sahil Kuruvilla,43,41-50,16,15+ Years,Accountant,M,Finance,6449368,60-70 Lacs,3,55,Yes,No,18,11-20 Hours,4,PhD,2,10,6-10 Days,15.87,11-20 kms,1,0,1,1,1,80,0,0,0,1,0,20
E00242,Indranil Guha,50,41-50,14,10-15 Years,Accountant,M,Finance,5072709,50-60 Lacs,5,45,No,No,43,40+ Hours,5,PhD,3,7,6-10 Days,38.99,31-40 kms,1,1,1,1,1,100,0,1,0,1,1,60
E00424,Himmat Walla,46,41-50,13,10-15 Years,Accountant,M,Finance,6436149,60-70 Lacs,1,40,Yes,No,33,31-40 Hours,2,Diploma,5,17,15+ Days,7.38,0-10 kms,0,1,0,0,1,40,1,0,0,0,0,20
E00486,Suhana Kumer,42,41-50,13,10-15 Years,Accountant,M,Finance,7650475,70-80 Lacs,4,50,Yes,No,48,40+ Hours,1,Master's,5,3,0-5 Days,14.93,11-20 kms,1,1,0,0,1,60,1,0,0,1,0,40
E00231,Nirvi Samra,50,41-50,11,10-15 Years,Accountant,M,Finance,3657107,30-40 Lacs,4,55,Yes,No,47,40+ Hours,3,PhD,3,3,0-5 Days,27.26,21-30 kms,1,0,1,0,0,40,0,0,1,0,1,40
E00376,Nishith Chopra,38,31-40,9,5-10 Years,Accountant,M,Finance,2367379,20-30 Lacs,1,50,No,Yes,18,11-20 Hours,2,Master's,3,19,15+ Days,40.98,40+ kms,0,1,1,0,1,60,0,1,1,1,1,80
E00702,Fateh Kapoor,50,41-50,9,5-10 Years,Accountant,M,Finance,2058049,20-30 Lacs,5,55,Yes,No,16,11-20 Hours,3,Master's,3,8,6-10 Days,30.97,40+ kms,0,0,0,1,1,40,0,1,0,0,1,40
E00010,Piya Gandhi,38,31-40,4,2-5 Years,Accountant,M,Finance,1505649,10-20 Lacs,1,50,No,No,34,31-40 Hours,3,PhD,4,3,0-5 Days,18.28,11-20 kms,1,1,1,1,1,100,0,0,1,1,0,40
E00356,Aayush Karpe,35,31-40,4,2-5 Years,Accountant,M,Finance,1956084,10-20 Lacs,2,45,No,No,19,11-20 Hours,5,Master's,5,19,15+ Days,14.35,11-20 kms,1,1,1,1,1,100,0,1,1,0,0,40
E00392,Indrans Chakrabarti,50,41-50,4,2-5 Years,Accountant,M,Finance,1730683,10-20 Lacs,1,50,No,No,13,11-20 Hours,5,Master's,4,13,11-15 Days,33.02,31-40 kms,0,0,0,1,1,40,1,1,0,1,1,80
E00346,Heer Kari,28,20-30,2,0-2 Years,Accountant,M,Finance,570361,1-10 Lacs,5,40,Yes,No,13,11-20 Hours,4,PhD,4,15,11-15 Days,44.58,40+ kms,1,1,1,1,1,100,1,0,0,0,1,40
E00527,Jivin Gera,23,20-30,1,0-2 Years,Accountant,M,Finance,748973,1-10 Lacs,5,45,Yes,Yes,26,21-30 Hours,4,PhD,5,12,11-15 Days,21.66,21-30 kms,1,0,1,1,1,80,1,1,1,1,1,100
E00644,Pihu Bose,23,20-30,1,0-2 Years,Accountant,M,Finance,951978,1-10 Lacs,2,45,No,No,41,40+ Hours,4,Bachelor's,1,19,15+ Days,26.83,21-30 kms,0,1,1,0,1,60,1,1,1,0,1,80
E00524,Anya Sastry,50,41-50,37,15+ Years,CEO,M,Finance,9360701,90 Lacs-1 Cr,3,40,Yes,Yes,22,21-30 Hours,2,PhD,5,19,15+ Days,20.48,40+ kms,0,0,1,0,0,20,0,1,0,0,1,40
E00120,Aayush Biswas,22,20-30,4,2-5 Years,Content Creator,F,Marketing,448634,1-10 Lacs,4,50,No,Yes,49,40+ Hours,5,Diploma,5,17,15+ Days,18.58,11-20 kms,0,0,1,1,1,60,1,1,1,1,1,100
E00385,Pari Gade,26,20-30,3,2-5 Years,Content Creator,F,Marketing,445173,1-10 Lacs,5,50,No,No,8,0-10 Hours,1,PhD,2,10,6-10 Days,17.17,11-20 kms,1,1,1,1,1,100,0,0,0,0,1,20
E00634,Saanvi Sundaram,21,20-30,3,2-5 Years,Content Creator,F,Marketing,484001,1-10 Lacs,5,50,Yes,Yes,27,21-30 Hours,5,Master's,1,19,15+ Days,28.69,21-30 kms,0,1,0,0,0,20,0,0,1,1,1,60
E00391,Zoya Bhattacharyya,26,20-30,3,2-5 Years,Content Creator,F,Marketing,476284,1-10 Lacs,3,45,No,No,49,40+ Hours,3,Master's,5,19,15+ Days,21.83,21-30 kms,0,0,0,1,1,40,0,0,0,0,1,20
E00473,Saira Khatri,20,20-30,2,0-2 Years,Content Creator,F,Marketing,369240,1-10 Lacs,3,50,Yes,Yes,27,21-30 Hours,3,PhD,3,4,0-5 Days,20.4,40+ kms,1,0,0,0,1,40,1,0,1,1,1,80
E00074,Nehmat Gokhale,24,20-30,4,2-5 Years,Content Creator,F,Marketing,450508,1-10 Lacs,3,40,Yes,No,6,0-10 Hours,4,Master's,5,3,0-5 Days,43.83,40+ kms,1,1,1,1,1,100,0,0,1,1,0,40
E00456,Seher Badal,28,20-30,3,2-5 Years,Content Creator,F,Marketing,488716,1-10 Lacs,5,55,Yes,No,48,40+ Hours,3,Master's,1,1,0-5 Days,24.91,21-30 kms,0,1,0,1,0,40,1,1,1,1,0,80
E00588,Armaan Bajwa,27,20-30,3,2-5 Years,Content Creator,F,Marketing,358630,1-10 Lacs,3,45,Yes,No,39,31-40 Hours,3,Bachelor's,2,2,0-5 Days,45.06,40+ kms,1,1,1,1,0,80,0,0,1,1,1,60
E00075,Nirvi Dass,26,20-30,4,2-5 Years,Content Creator,F,Marketing,460526,1-10 Lacs,1,50,Yes,No,26,21-30 Hours,1,Diploma,5,17,15+ Days,9.31,0-10 kms,1,0,0,1,1,60,0,0,0,1,0,20
E00264,Adah Chahal,26,20-30,3,2-5 Years,Content Creator,F,Marketing,441368,1-10 Lacs,5,40,Yes,No,34,31-40 Hours,1,Diploma,3,11,11-15 Days,7.65,0-10 kms,1,1,1,1,1,100,1,1,1,1,1,100
E00008,Hazel Sastry,29,20-30,2,0-2 Years,Content Creator,F,Marketing,355401,1-10 Lacs,1,50,No,No,9,0-10 Hours,3,PhD,3,3,0-5 Days,35.07,31-40 kms,1,0,1,1,1,80,0,0,0,1,0,20
E00487,Vardaniya Sahota,27,20-30,2,0-2 Years,Content Creator,F,Marketing,463150,1-10 Lacs,3,50,Yes,No,33,31-40 Hours,3,Bachelor's,1,17,15+ Days,28.57,21-30 kms,1,1,1,1,1,100,0,0,0,0,1,20
E00024,Divij Baria,23,20-30,2,0-2 Years,Content Creator,F,Marketing,434295,1-10 Lacs,4,50,No,Yes,15,11-20 Hours,3,Diploma,1,16,15+ Days,15.57,11-20 kms,1,0,1,1,1,80,1,1,1,1,1,100
E00652,Emir Sandhu,22,20-30,2,0-2 Years,Content Creator,M,Marketing,351525,1-10 Lacs,1,50,No,Yes,13,11-20 Hours,5,PhD,4,9,6-10 Days,26.11,21-30 kms,0,1,0,0,1,40,0,1,0,0,1,40
E00078,Shamik Shankar,30,20-30,4,2-5 Years,Content Creator,M,Marketing,371451,1-10 Lacs,4,55,Yes,No,24,21-30 Hours,5,Bachelor's,5,9,6-10 Days,43.79,40+ kms,1,1,0,1,1,80,1,1,1,1,1,100
E00673,Ivana Batra,28,20-30,3,2-5 Years,Content Creator,M,Marketing,481218,1-10 Lacs,1,45,Yes,Yes,17,11-20 Hours,1,Master's,2,4,0-5 Days,18.38,11-20 kms,1,0,0,1,0,40,1,1,0,0,0,40
E00372,Heer Ravel,24,20-30,4,2-5 Years,Content Creator,M,Marketing,303552,1-10 Lacs,5,55,No,No,17,11-20 Hours,4,Master's,3,0,0-5 Days,47.42,40+ kms,1,0,0,0,0,20,1,1,1,1,1,100
E00580,Jayan Dani,26,20-30,4,2-5 Years,Content Creator,M,Marketing,309484,1-10 Lacs,3,45,Yes,No,38,31-40 Hours,4,Master's,1,5,0-5 Days,48.92,40+ kms,0,0,1,0,0,20,1,0,0,1,1,60
E00196,Divyansh Keer,25,20-30,5,2-5 Years,Content Creator,M,Marketing,448551,1-10 Lacs,3,55,Yes,No,18,11-20 Hours,3,PhD,1,17,15+ Days,36.62,31-40 kms,0,1,0,0,0,20,1,1,1,1,1,100
E00679,Aarush Babu,26,20-30,3,2-5 Years,Content Creator,M,Marketing,497891,1-10 Lacs,3,50,Yes,No,20,11-20 Hours,2,Master's,5,8,6-10 Days,49.25,40+ kms,0,0,1,0,0,20,0,1,0,0,0,20
E00373,Purab D’Alia,26,20-30,5,2-5 Years,Content Creator,M,Marketing,384677,1-10 Lacs,4,55,Yes,Yes,48,40+ Hours,3,Bachelor's,1,2,0-5 Days,7.96,0-10 kms,0,0,1,0,0,20,0,1,1,1,1,80
E00635,Piya Bhargava,29,20-30,2,0-2 Years,Content Creator,M,Marketing,409015,1-10 Lacs,3,55,No,No,39,31-40 Hours,4,PhD,5,14,11-15 Days,23.8,21-30 kms,1,1,1,1,0,80,1,1,1,1,1,100
E00654,Nitya Kohli,23,20-30,4,2-5 Years,Content Creator,M,Marketing,300622,1-10 Lacs,5,50,Yes,No,6,0-10 Hours,2,Diploma,2,17,15+ Days,17.56,11-20 kms,1,1,1,0,1,80,0,0,1,1,1,60
E00750,Hridaan Comar,26,20-30,3,2-5 Years,Content Creator,M,Marketing,328616,1-10 Lacs,2,45,No,Yes,17,11-20 Hours,1,Diploma,5,15,11-15 Days,10,0-10 kms,0,1,0,1,0,40,0,1,0,1,1,60
E00539,Elakshi Buch,26,20-30,3,2-5 Years,Content Creator,M,Marketing,478514,1-10 Lacs,1,45,No,Yes,7,0-10 Hours,5,Bachelor's,4,16,15+ Days,10.39,40+ kms,1,1,1,1,1,100,0,1,0,1,1,60
E00733,Ojas Behl,26,20-30,5,2-5 Years,Content Creator,M,Marketing,382052,1-10 Lacs,1,55,Yes,Yes,5,0-10 Hours,5,Master's,1,18,15+ Days,24.25,21-30 kms,1,1,0,1,1,80,0,1,0,1,0,40
E00035,Indrajit Bahl,50,41-50,35,15+ Years,COO,M,Marketing,9687074,90 Lacs-1 Cr,3,55,Yes,No,14,11-20 Hours,2,Bachelor's,3,0,0-5 Days,18.68,11-20 kms,1,0,1,1,1,80,0,1,1,1,1,80
E00315,Amira Sehgal,50,41-50,30,15+ Years,CTO,F,IT,9931132,90 Lacs-1 Cr,4,45,No,No,24,21-30 Hours,5,Master's,5,2,0-5 Days,15.44,11-20 kms,0,1,1,1,1,80,1,0,1,1,1,80
E00747,Ishita Jain,50,41-50,25,15+ Years,Data Analyst,F,IT,7859084,70-80 Lacs,4,55,No,No,45,40+ Hours,4,PhD,2,17,15+ Days,20.79,40+ kms,0,0,0,1,0,20,1,1,1,1,0,80
E00720,Hansh Bhardwaj,43,41-50,12,10-15 Years,Data Analyst,F,IT,4128375,40-50 Lacs,4,50,No,No,37,31-40 Hours,5,Bachelor's,2,19,15+ Days,40.29,40+ kms,0,0,0,1,0,20,1,1,1,1,0,80
E00612,Jayan Garde,44,41-50,11,10-15 Years,Data Analyst,F,IT,8386710,80-90 Lacs,1,45,No,Yes,15,11-20 Hours,5,Diploma,4,7,6-10 Days,43.36,40+ kms,1,0,0,0,1,40,0,0,0,1,1,40
E00015,Zara Mahal,49,41-50,10,5-10 Years,Data Analyst,F,IT,2889383,20-30 Lacs,5,50,Yes,Yes,14,11-20 Hours,3,PhD,4,5,0-5 Days,27.95,21-30 kms,1,1,1,1,1,100,0,1,0,1,1,60
E00478,Nirvi Reddy,31,31-40,6,5-10 Years,Data Analyst,F,IT,2999758,20-30 Lacs,2,55,No,Yes,16,11-20 Hours,5,Diploma,5,7,6-10 Days,33.62,31-40 kms,1,0,0,1,1,60,1,1,1,1,1,100
E00435,Jayesh Dasgupta,27,20-30,5,2-5 Years,Data Analyst,F,IT,1307936,10-20 Lacs,4,45,No,No,43,40+ Hours,3,Master's,4,20,15+ Days,11.51,11-20 kms,1,0,1,0,1,60,1,1,1,1,1,100
E00106,Divyansh Khanna,39,31-40,4,2-5 Years,Data Analyst,F,IT,1777645,10-20 Lacs,1,55,No,Yes,11,11-20 Hours,2,PhD,2,5,0-5 Days,33.57,31-40 kms,1,1,1,1,1,100,1,1,1,1,0,80
E00225,Sumer Banik,50,41-50,2,0-2 Years,Data Analyst,F,IT,562375,1-10 Lacs,2,55,No,No,9,0-10 Hours,3,Master's,1,6,6-10 Days,45.3,40+ kms,1,1,1,1,1,100,0,0,0,1,0,20
E00283,Devansh Sule,36,31-40,1,0-2 Years,Data Analyst,F,IT,734514,1-10 Lacs,3,40,No,No,13,11-20 Hours,2,Diploma,4,11,11-15 Days,6.77,0-10 kms,0,0,1,0,1,40,0,0,1,0,1,40
E00468,Samarth Kota,37,31-40,1,0-2 Years,Data Analyst,F,IT,929620,1-10 Lacs,5,55,No,No,22,21-30 Hours,5,Master's,5,13,11-15 Days,47.85,40+ kms,1,1,1,1,1,100,1,1,0,1,1,80
E00726,Vaibhav Khanna,43,41-50,19,15+ Years,Data Analyst,M,IT,9016502,90 Lacs-1 Cr,1,40,Yes,Yes,36,31-40 Hours,3,Master's,3,19,15+ Days,7.95,0-10 kms,0,0,1,0,0,20,0,0,1,0,0,20
E00451,Trisha Lata,47,41-50,17,15+ Years,Data Analyst,M,IT,8158293,80-90 Lacs,3,45,No,Yes,8,0-10 Hours,4,Master's,1,6,6-10 Days,9.76,0-10 kms,1,1,1,0,1,80,1,1,1,1,1,100
E00671,Amani Banerjee,50,41-50,17,15+ Years,Data Analyst,M,IT,5211087,50-60 Lacs,5,50,Yes,Yes,11,11-20 Hours,2,Master's,2,15,11-15 Days,10.57,40+ kms,0,0,0,1,0,20,0,0,0,1,0,20
E00018,Manjari Koshy,50,41-50,16,15+ Years,Data Analyst,M,IT,8595007,80-90 Lacs,3,50,No,Yes,40,31-40 Hours,1,Diploma,5,15,11-15 Days,41.9,40+ kms,1,1,1,1,1,100,0,1,1,1,1,80
E00386,Umang Ratti,39,31-40,9,5-10 Years,Data Analyst,M,IT,2829062,20-30 Lacs,1,55,No,No,25,21-30 Hours,4,Bachelor's,2,0,0-5 Days,42.97,40+ kms,0,0,1,1,1,60,0,0,0,1,0,20
E00016,Divij Sem,35,31-40,8,5-10 Years,Data Analyst,M,IT,2704177,20-30 Lacs,2,50,No,Yes,47,40+ Hours,3,Diploma,3,2,0-5 Days,10.9,40+ kms,0,1,1,1,1,80,1,1,1,1,1,100
E00699,Ranbir Gola,38,31-40,8,5-10 Years,Data Analyst,M,IT,2873776,20-30 Lacs,3,45,Yes,Yes,42,40+ Hours,3,PhD,1,18,15+ Days,26.4,21-30 kms,1,1,0,1,1,80,0,0,1,1,0,40
E00123,Shayak Sridhar,38,31-40,5,2-5 Years,Data Analyst,M,IT,1418167,10-20 Lacs,3,45,Yes,Yes,7,0-10 Hours,2,Diploma,2,15,11-15 Days,37.91,31-40 kms,0,0,0,1,1,40,1,1,1,1,1,100
E00238,Taran Ganesh,35,31-40,4,2-5 Years,Data Analyst,M,IT,1959321,10-20 Lacs,2,55,Yes,No,32,31-40 Hours,2,PhD,4,2,0-5 Days,11.63,11-20 kms,1,0,0,0,0,20,1,1,1,0,0,60
E00234,Lavanya Dada,24,20-30,2,0-2 Years,Data Analyst,M,IT,762916,1-10 Lacs,5,45,Yes,Yes,41,40+ Hours,3,Diploma,2,1,0-5 Days,9.62,0-10 kms,1,1,1,1,1,100,1,1,0,1,1,80
E00246,Riaan Grewal,43,41-50,2,0-2 Years,Data Analyst,M,IT,773053,1-10 Lacs,5,50,No,Yes,47,40+ Hours,4,Bachelor's,3,16,15+ Days,49.97,40+ kms,1,1,1,1,0,80,0,1,1,0,1,60
E00705,Faiyaz Sangha,50,41-50,2,0-2 Years,Data Analyst,M,IT,815709,1-10 Lacs,1,50,No,No,39,31-40 Hours,1,Bachelor's,3,9,6-10 Days,31,31-40 kms,1,1,1,1,1,100,1,1,1,0,0,60
E00206,Vidur Sura,31,31-40,1,0-2 Years,Data Analyst,M,IT,929363,1-10 Lacs,5,45,Yes,No,5,0-10 Hours,5,PhD,5,15,11-15 Days,9.63,0-10 kms,1,1,1,1,1,100,1,1,0,1,1,80
E00111,Ranbir Varghese,41,41-50,12,10-15 Years,Data Scientist,F,IT,4248897,40-50 Lacs,3,50,Yes,Yes,23,21-30 Hours,2,Master's,2,15,11-15 Days,31.02,31-40 kms,0,0,0,1,0,20,0,1,1,0,0,40
E00040,Kavya Devan,37,31-40,9,5-10 Years,Data Scientist,F,IT,2358423,20-30 Lacs,4,40,Yes,No,24,21-30 Hours,2,Master's,5,7,6-10 Days,21.53,21-30 kms,1,1,0,1,1,80,0,1,0,1,0,40
E00056,Kartik Chanda,29,20-30,7,5-10 Years,Data Scientist,F,IT,2876949,20-30 Lacs,4,50,Yes,Yes,12,11-20 Hours,2,Bachelor's,1,16,15+ Days,38.03,31-40 kms,0,0,0,1,1,40,1,1,1,1,1,100
E00374,Fateh Rana,50,41-50,5,2-5 Years,Data Scientist,F,IT,1509079,10-20 Lacs,5,45,Yes,Yes,41,40+ Hours,3,Diploma,5,17,15+ Days,46.41,40+ kms,0,1,0,1,1,60,1,1,1,1,1,100
E00455,Baiju Anne,50,41-50,5,2-5 Years,Data Scientist,F,IT,1181588,10-20 Lacs,4,55,No,Yes,42,40+ Hours,2,PhD,1,18,15+ Days,15.51,11-20 kms,1,1,1,0,1,80,0,0,1,0,1,40
E00411,Saksham Seshadri,36,31-40,2,0-2 Years,Data Scientist,F,IT,815060,1-10 Lacs,3,50,No,Yes,20,11-20 Hours,5,Bachelor's,4,19,15+ Days,38.97,31-40 kms,1,0,1,1,1,80,1,0,0,1,1,60
E00564,Samarth Kari,50,41-50,24,15+ Years,Data Scientist,M,IT,7626081,70-80 Lacs,3,55,No,Yes,48,40+ Hours,2,Master's,2,3,0-5 Days,26.85,21-30 kms,1,0,0,0,0,20,0,1,1,1,1,80
E00488,Taran Kata,40,31-40,17,15+ Years,Data Scientist,M,IT,7067697,70-80 Lacs,5,45,Yes,No,34,31-40 Hours,2,PhD,5,19,15+ Days,28.98,21-30 kms,1,1,1,1,0,80,1,1,1,1,0,80
E00598,Nirvaan Keer,44,41-50,15,10-15 Years,Data Scientist,M,IT,3927586,30-40 Lacs,1,40,No,No,39,31-40 Hours,2,Diploma,2,5,0-5 Days,42.75,40+ kms,0,1,0,1,1,60,0,1,0,1,0,40
E00332,Zain Karnik,48,41-50,9,5-10 Years,Data Scientist,M,IT,2821333,20-30 Lacs,2,45,No,Yes,23,21-30 Hours,2,Bachelor's,2,10,6-10 Days,34.23,31-40 kms,0,1,1,0,0,40,0,1,1,1,1,80
E00382,Manikya Sandal,30,20-30,8,5-10 Years,Data Scientist,M,IT,2492391,20-30 Lacs,4,55,Yes,No,12,11-20 Hours,5,Bachelor's,1,0,0-5 Days,44.26,40+ kms,0,1,0,0,0,20,1,0,1,1,1,80
E00116,Riya Rout,37,31-40,7,5-10 Years,Data Scientist,M,IT,2525709,20-30 Lacs,5,50,No,Yes,5,0-10 Hours,5,Master's,2,11,11-15 Days,33.5,31-40 kms,0,0,0,0,1,20,1,1,1,1,1,100
E00497,Miraan Sharaf,35,31-40,4,2-5 Years,Data Scientist,M,IT,1583585,10-20 Lacs,5,45,No,No,13,11-20 Hours,5,Master's,4,9,6-10 Days,28.73,21-30 kms,1,1,1,0,1,80,1,0,0,0,1,40
E00526,Ivana Sant,28,20-30,4,2-5 Years,Data Scientist,M,IT,1883731,10-20 Lacs,4,40,No,Yes,30,21-30 Hours,4,Diploma,3,0,0-5 Days,32.1,31-40 kms,0,1,0,0,1,40,0,1,1,1,1,80
E00544,Ehsaan Kala,32,31-40,4,2-5 Years,Data Scientist,M,IT,1948055,10-20 Lacs,1,55,No,Yes,42,40+ Hours,3,Bachelor's,3,13,11-15 Days,8.01,0-10 kms,0,0,1,0,0,20,1,1,1,1,1,100
E00378,Seher Loyal,29,20-30,3,2-5 Years,Data Scientist,M,IT,1258196,10-20 Lacs,5,45,No,Yes,5,0-10 Hours,3,Master's,2,0,0-5 Days,32.27,31-40 kms,0,1,0,1,0,40,0,0,0,1,0,20
E00603,Hrishita Apte,50,41-50,33,15+ Years,Finance Manager,F,Finance,8318938,80-90 Lacs,2,50,Yes,Yes,26,21-30 Hours,1,PhD,3,0,0-5 Days,17.53,11-20 kms,1,1,1,1,1,100,1,1,1,0,0,60
E00215,Manikya Batra,50,41-50,31,15+ Years,Finance Manager,F,Finance,7533079,70-80 Lacs,2,45,Yes,No,25,21-30 Hours,1,Bachelor's,2,0,0-5 Days,42.17,40+ kms,0,1,1,1,1,80,1,1,1,1,1,100
E00201,Faiyaz Wadhwa,50,41-50,28,15+ Years,Finance Manager,F,Finance,6730927,60-70 Lacs,4,50,No,Yes,37,31-40 Hours,1,Diploma,1,0,0-5 Days,16.06,11-20 kms,0,1,0,0,0,20,0,1,1,1,0,60
E00377,Sara Sahni,50,41-50,21,15+ Years,Finance Manager,F,Finance,9189314,90 Lacs-1 Cr,5,55,No,No,35,31-40 Hours,3,PhD,5,13,11-15 Days,45.23,40+ kms,1,0,1,1,0,60,0,1,1,1,0,60
E00543,Aarav Talwar,44,41-50,21,15+ Years,Finance Manager,F,Finance,6820566,60-70 Lacs,2,40,Yes,Yes,44,40+ Hours,2,PhD,5,8,6-10 Days,43.37,40+ kms,0,1,1,1,1,80,1,1,0,0,1,60
E00657,Anay Thaker,49,41-50,20,15+ Years,Finance Manager,F,Finance,3700285,30-40 Lacs,4,45,No,Yes,32,31-40 Hours,3,Master's,4,11,11-15 Days,44.64,40+ kms,1,0,0,0,0,20,0,1,0,1,1,60
E00124,Arnav Deshmukh,50,41-50,16,15+ Years,Finance Manager,F,Finance,8734034,80-90 Lacs,2,50,No,No,22,21-30 Hours,1,Diploma,1,0,0-5 Days,31.41,31-40 kms,1,0,0,1,1,60,1,0,0,1,1,60
E00381,Sara Mandal,40,31-40,16,15+ Years,Finance Manager,F,Finance,4125490,40-50 Lacs,5,45,No,Yes,39,31-40 Hours,2,Bachelor's,2,0,0-5 Days,32.78,31-40 kms,1,1,1,1,1,100,0,1,0,0,0,20
E00005,Dishani Boase,41,41-50,15,10-15 Years,Finance Manager,F,Finance,8240109,80-90 Lacs,5,50,Yes,Yes,49,40+ Hours,3,Master's,4,20,15+ Days,9.05,0-10 kms,1,0,1,1,1,80,1,0,0,0,0,20
E00485,Vritika Bobal,39,31-40,11,10-15 Years,Finance Manager,F,Finance,6017606,60-70 Lacs,4,40,Yes,No,22,21-30 Hours,1,PhD,1,15,11-15 Days,27.78,21-30 kms,1,0,0,0,0,20,1,0,0,0,0,20
E00613,Zain Buch,40,31-40,9,5-10 Years,Finance Manager,F,Finance,2211971,20-30 Lacs,1,50,Yes,No,12,11-20 Hours,4,Diploma,3,1,0-5 Days,12.54,11-20 kms,0,1,0,0,0,20,0,1,1,1,1,80
E00624,Shray Bhavsar,49,41-50,8,5-10 Years,Finance Manager,F,Finance,2931263,20-30 Lacs,5,55,Yes,No,11,11-20 Hours,3,Bachelor's,3,7,6-10 Days,21.12,21-30 kms,1,1,1,1,1,100,1,1,1,0,1,80
E00095,Armaan Kota,29,20-30,7,5-10 Years,Finance Manager,F,Finance,2784324,20-30 Lacs,2,45,No,Yes,41,40+ Hours,3,Master's,5,6,6-10 Days,37.39,31-40 kms,0,1,0,1,0,40,0,0,0,1,0,20
E00182,Dishani Mane,29,20-30,7,5-10 Years,Finance Manager,F,Finance,2259958,20-30 Lacs,2,55,Yes,No,41,40+ Hours,4,PhD,3,7,6-10 Days,13.19,11-20 kms,1,0,1,0,1,60,0,1,1,0,0,40
E00204,Nehmat Bhatia,38,31-40,6,5-10 Years,Finance Manager,F,Finance,2427222,20-30 Lacs,4,45,No,Yes,34,31-40 Hours,2,Diploma,1,18,15+ Days,43.09,40+ kms,1,1,0,1,1,80,1,1,0,1,1,80
E00353,Onkar Khosla,31,31-40,5,2-5 Years,Finance Manager,F,Finance,1033222,10-20 Lacs,3,45,Yes,Yes,28,21-30 Hours,3,PhD,4,7,6-10 Days,24.97,21-30 kms,1,1,1,0,0,60,1,1,1,0,0,60
E00058,Parinaaz Apte,34,31-40,3,2-5 Years,Finance Manager,F,Finance,1552799,10-20 Lacs,4,50,No,No,28,21-30 Hours,3,Bachelor's,5,10,6-10 Days,26.19,21-30 kms,0,0,1,0,1,40,0,0,1,1,0,40
E00122,Vritika Gour,50,41-50,2,0-2 Years,Finance Manager,F,Finance,891261,1-10 Lacs,4,55,Yes,Yes,38,31-40 Hours,4,Diploma,1,17,15+ Days,16.62,11-20 kms,1,1,1,1,1,100,1,1,1,1,1,100
E00484,Shlok Chandran,36,31-40,2,0-2 Years,Finance Manager,F,Finance,961088,1-10 Lacs,4,45,No,Yes,15,11-20 Hours,5,Master's,4,10,6-10 Days,48.04,40+ kms,0,0,0,1,0,20,0,1,1,1,1,80
E00579,Myra Dhaliwal,50,41-50,2,0-2 Years,Finance Manager,F,Finance,617613,1-10 Lacs,3,40,Yes,No,50,40+ Hours,1,Bachelor's,4,8,6-10 Days,23.88,21-30 kms,1,1,1,1,1,100,1,1,1,1,1,100
E00651,Saira Khosla,48,41-50,2,0-2 Years,Finance Manager,F,Finance,609788,1-10 Lacs,5,45,No,Yes,23,21-30 Hours,1,PhD,3,15,11-15 Days,33.12,31-40 kms,0,1,0,1,0,40,1,1,1,1,1,100
E00661,Vidur Chada,42,41-50,2,0-2 Years,Finance Manager,F,Finance,967652,1-10 Lacs,5,45,Yes,Yes,48,40+ Hours,5,Bachelor's,2,20,15+ Days,9.15,0-10 kms,1,1,1,1,1,100,1,1,1,1,1,100
E00402,Ayesha Kari,25,20-30,1,0-2 Years,Finance Manager,F,Finance,653644,1-10 Lacs,3,40,No,No,42,40+ Hours,1,Bachelor's,4,12,11-15 Days,16.95,11-20 kms,1,1,1,1,1,100,0,1,1,1,1,80
E00291,Myra Magar,48,41-50,24,15+ Years,Finance Manager,M,Finance,4827093,40-50 Lacs,2,50,No,Yes,42,40+ Hours,1,Diploma,3,19,15+ Days,21.36,21-30 kms,1,0,0,0,0,20,1,0,1,1,1,80
E00021,Kanav Mander,47,41-50,22,15+ Years,Finance Manager,M,Finance,9438709,90 Lacs-1 Cr,3,45,No,Yes,15,11-20 Hours,2,Master's,4,14,11-15 Days,18.93,11-20 kms,0,1,1,1,0,60,1,1,1,0,1,80
E00132,Divyansh Mand,47,41-50,21,15+ Years,Finance Manager,M,Finance,8063679,80-90 Lacs,3,40,No,No,48,40+ Hours,4,Bachelor's,4,0,0-5 Days,45.31,40+ kms,1,1,1,1,1,100,0,1,0,1,1,60
E00048,Aaryahi Tandon,50,41-50,17,15+ Years,Finance Manager,M,Finance,6762825,60-70 Lacs,2,40,No,Yes,35,31-40 Hours,4,PhD,3,7,6-10 Days,46.52,40+ kms,1,1,0,0,0,40,0,1,0,0,0,20
E00735,Miraya Som,50,41-50,16,15+ Years,Finance Manager,M,Finance,3831806,30-40 Lacs,4,45,Yes,No,36,31-40 Hours,2,Diploma,4,8,6-10 Days,16.48,11-20 kms,1,0,0,0,0,20,0,1,0,0,0,20
E00414,Pranay Gera,49,41-50,14,10-15 Years,Finance Manager,M,Finance,3957725,30-40 Lacs,2,40,Yes,Yes,40,31-40 Hours,4,Master's,2,11,11-15 Days,17.23,11-20 kms,1,0,0,1,0,40,0,0,0,1,0,20
E00653,Tushar Master,37,31-40,14,10-15 Years,Finance Manager,M,Finance,7140050,70-80 Lacs,5,40,No,No,29,21-30 Hours,2,PhD,4,2,0-5 Days,22.8,21-30 kms,1,1,0,1,1,80,0,0,1,0,0,20
E00311,Purab Vohra,50,41-50,11,10-15 Years,Finance Manager,M,Finance,7582764,70-80 Lacs,1,45,No,Yes,19,11-20 Hours,2,Bachelor's,1,15,11-15 Days,8.22,0-10 kms,1,0,1,0,1,60,0,0,0,1,0,20
E00514,Taran Agate,42,41-50,11,10-15 Years,Finance Manager,M,Finance,6939009,60-70 Lacs,5,45,No,Yes,41,40+ Hours,1,Bachelor's,4,5,0-5 Days,9.38,0-10 kms,0,1,1,1,1,80,0,0,0,1,1,40
E00511,Shaan Tara,50,41-50,10,5-10 Years,Finance Manager,M,Finance,2927081,20-30 Lacs,1,55,No,Yes,6,0-10 Hours,1,Diploma,1,19,15+ Days,28.38,21-30 kms,1,0,1,1,1,80,1,1,1,1,1,100
E00627,Kashvi Issac,32,31-40,9,5-10 Years,Finance Manager,M,Finance,2390665,20-30 Lacs,3,40,No,Yes,29,21-30 Hours,4,Diploma,4,19,15+ Days,13.62,11-20 kms,1,1,1,1,0,80,1,0,1,1,1,80
E00566,Heer Venkataraman,29,20-30,6,5-10 Years,Finance Manager,M,Finance,2966171,20-30 Lacs,4,55,No,Yes,38,31-40 Hours,2,Diploma,2,2,0-5 Days,27.21,21-30 kms,1,1,0,1,1,80,1,1,1,1,1,100
E00576,Misha Gala,50,41-50,6,5-10 Years,Finance Manager,M,Finance,2433346,20-30 Lacs,3,40,Yes,No,37,31-40 Hours,5,Master's,2,5,0-5 Days,29.61,21-30 kms,1,0,1,1,1,80,1,0,1,0,0,40
E00587,Samarth Kumer,32,31-40,6,5-10 Years,Finance Manager,M,Finance,2937766,20-30 Lacs,5,55,Yes,Yes,27,21-30 Hours,1,Bachelor's,1,11,11-15 Days,19.43,11-20 kms,1,0,1,0,1,60,0,0,1,1,1,60
E00616,Mishti Gola,49,41-50,5,2-5 Years,Finance Manager,M,Finance,1515710,10-20 Lacs,4,50,Yes,Yes,40,31-40 Hours,4,PhD,5,7,6-10 Days,41.53,40+ kms,0,1,0,0,0,20,1,1,1,0,0,60
E00031,Riaan Chanda,28,20-30,2,0-2 Years,Finance Manager,M,Finance,781874,1-10 Lacs,3,45,No,No,15,11-20 Hours,2,Diploma,5,14,11-15 Days,11.23,11-20 kms,0,1,0,0,1,40,0,0,1,0,1,40
E00286,Tarini Bumb,29,20-30,2,0-2 Years,Finance Manager,M,Finance,865631,1-10 Lacs,3,45,No,Yes,40,31-40 Hours,4,Bachelor's,1,15,11-15 Days,6.4,0-10 kms,0,1,0,1,0,40,1,0,0,1,0,40
E00689,Kaira Kakar,50,41-50,22,15+ Years,Financial Analyst,F,Finance,5376096,50-60 Lacs,4,55,Yes,Yes,18,11-20 Hours,2,PhD,1,12,11-15 Days,34.1,31-40 kms,1,1,1,1,1,100,0,1,0,1,0,40
E00222,Piya Joshi,46,41-50,18,15+ Years,Financial Analyst,F,Finance,8433462,80-90 Lacs,3,55,No,Yes,38,31-40 Hours,1,Master's,1,3,0-5 Days,44.43,40+ kms,1,1,1,1,1,100,0,0,0,0,1,20
E00282,Kimaya Basak,50,41-50,13,10-15 Years,Financial Analyst,F,Finance,6736834,60-70 Lacs,4,55,No,Yes,42,40+ Hours,3,Master's,3,6,6-10 Days,9.64,0-10 kms,1,1,1,1,1,100,1,0,0,0,0,20
E00404,Nitara Wable,50,41-50,12,10-15 Years,Financial Analyst,F,Finance,7130109,70-80 Lacs,3,40,No,Yes,5,0-10 Hours,3,Master's,4,16,15+ Days,29.87,21-30 kms,0,1,0,0,1,40,1,0,0,0,0,20
E00314,Kanav Ben,45,41-50,10,5-10 Years,Financial Analyst,F,Finance,2123781,20-30 Lacs,4,40,Yes,No,31,31-40 Hours,3,PhD,2,17,15+ Days,41.52,40+ kms,0,0,1,0,0,20,0,0,0,1,0,20
E00707,Jivika Thakkar,34,31-40,10,5-10 Years,Financial Analyst,F,Finance,2359257,20-30 Lacs,1,40,Yes,Yes,49,40+ Hours,3,Diploma,5,10,6-10 Days,11.53,11-20 kms,0,0,0,1,0,20,1,1,1,1,0,80
E00638,Hazel Saran,50,41-50,9,5-10 Years,Financial Analyst,F,Finance,2379910,20-30 Lacs,4,45,Yes,No,22,21-30 Hours,5,Master's,3,20,15+ Days,29.63,21-30 kms,0,0,0,1,0,20,1,1,1,1,1,100
E00383,Madhup Shankar,35,31-40,8,5-10 Years,Financial Analyst,F,Finance,2006650,20-30 Lacs,4,50,No,No,21,21-30 Hours,2,PhD,3,7,6-10 Days,35.89,31-40 kms,0,0,0,1,1,40,0,0,1,0,1,40
E00452,Piya Bahl,36,31-40,7,5-10 Years,Financial Analyst,F,Finance,2734723,20-30 Lacs,1,40,Yes,Yes,43,40+ Hours,3,Bachelor's,1,19,15+ Days,45.16,40+ kms,1,1,1,1,1,100,0,1,1,0,0,40
E00390,Tejas Master,29,20-30,6,5-10 Years,Financial Analyst,F,Finance,2654818,20-30 Lacs,2,40,No,Yes,13,11-20 Hours,2,Master's,3,15,11-15 Days,18.96,11-20 kms,0,1,1,1,1,80,0,0,0,0,1,20
E00011,Jhanvi Bedi,41,41-50,3,2-5 Years,Financial Analyst,F,Finance,1718723,10-20 Lacs,4,55,No,Yes,46,40+ Hours,2,Diploma,2,4,0-5 Days,8.98,0-10 kms,1,1,0,1,0,60,1,0,0,0,0,20
E00191,Lavanya Sekhon,28,20-30,3,2-5 Years,Financial Analyst,F,Finance,1768146,10-20 Lacs,4,55,No,Yes,44,40+ Hours,2,Diploma,4,19,15+ Days,19.3,11-20 kms,0,1,0,1,0,40,1,1,1,1,1,100
E00269,Miraya Kashyap,25,20-30,3,2-5 Years,Financial Analyst,F,Finance,1210849,10-20 Lacs,2,50,No,No,20,11-20 Hours,1,PhD,3,10,6-10 Days,29.66,21-30 kms,0,0,0,0,1,20,0,1,0,0,0,20
E00065,Krish De,24,20-30,2,0-2 Years,Financial Analyst,F,Finance,996921,1-10 Lacs,1,45,Yes,No,33,31-40 Hours,1,Bachelor's,2,14,11-15 Days,8.06,0-10 kms,1,0,0,1,0,40,0,1,1,0,1,60
E00288,Raunak Lad,49,41-50,2,0-2 Years,Financial Analyst,F,Finance,939935,1-10 Lacs,1,40,Yes,No,37,31-40 Hours,3,PhD,4,1,0-5 Days,9.55,0-10 kms,0,0,0,1,0,20,0,1,0,0,1,40
E00565,Anika Baria,24,20-30,2,0-2 Years,Financial Analyst,F,Finance,964900,1-10 Lacs,1,55,Yes,Yes,26,21-30 Hours,1,Bachelor's,2,3,0-5 Days,43.77,40+ kms,1,1,1,1,1,100,0,0,0,1,0,20
E00089,Arhaan Iyer,50,41-50,26,15+ Years,Financial Analyst,M,Finance,4088253,40-50 Lacs,5,50,Yes,No,21,21-30 Hours,4,PhD,4,4,0-5 Days,24.1,21-30 kms,0,1,0,1,1,60,0,0,0,1,0,20
E00659,Advika Sathe,38,31-40,13,10-15 Years,Financial Analyst,M,Finance,3594322,30-40 Lacs,1,45,Yes,Yes,9,0-10 Hours,2,Bachelor's,3,17,15+ Days,26.03,21-30 kms,0,0,0,1,1,40,0,1,0,1,1,60
E00426,Taimur Dugal,36,31-40,12,10-15 Years,Financial Analyst,M,Finance,7232961,70-80 Lacs,1,40,No,No,5,0-10 Hours,4,Bachelor's,5,12,11-15 Days,23.34,21-30 kms,0,1,0,0,0,20,0,1,0,0,1,40
E00607,Hridaan Saxena,37,31-40,11,10-15 Years,Financial Analyst,M,Finance,5172799,50-60 Lacs,1,40,Yes,Yes,36,31-40 Hours,1,Diploma,4,12,11-15 Days,22.16,21-30 kms,1,0,1,1,0,60,0,0,1,0,0,20
E00252,Kiara Kakar,40,31-40,10,5-10 Years,Financial Analyst,M,Finance,2908804,20-30 Lacs,2,45,No,Yes,42,40+ Hours,3,Diploma,1,4,0-5 Days,39.35,31-40 kms,1,0,0,0,1,40,1,1,1,1,1,100
E00041,Bhamini Sahota,33,31-40,3,2-5 Years,Financial Analyst,M,Finance,1369503,10-20 Lacs,4,55,Yes,Yes,24,21-30 Hours,5,PhD,5,12,11-15 Days,35.63,31-40 kms,0,1,1,1,1,80,0,1,0,0,0,20
E00480,Tanya Kalla,26,20-30,3,2-5 Years,Financial Analyst,M,Finance,1567876,10-20 Lacs,3,50,Yes,No,16,11-20 Hours,4,PhD,4,0,0-5 Days,39.88,31-40 kms,1,0,0,0,1,40,1,1,0,0,0,40
E00012,Adira Dugar,26,20-30,2,0-2 Years,Financial Analyst,M,Finance,859024,1-10 Lacs,2,40,No,No,6,0-10 Hours,1,Bachelor's,4,1,0-5 Days,25.3,21-30 kms,0,1,1,0,1,60,0,1,1,1,0,60
E00185,Trisha Jani,31,31-40,2,0-2 Years,Financial Analyst,M,Finance,581486,1-10 Lacs,2,45,No,No,44,40+ Hours,5,Master's,2,20,15+ Days,25.75,21-30 kms,0,0,0,1,1,40,1,1,1,1,1,100
E00195,Veer Karnik,49,41-50,2,0-2 Years,Financial Analyst,M,Finance,667759,1-10 Lacs,5,40,No,Yes,23,21-30 Hours,3,Bachelor's,3,18,15+ Days,6.27,0-10 kms,1,1,1,1,0,80,1,1,1,1,1,100
E00570,Divyansh Keer,27,20-30,2,0-2 Years,Financial Analyst,M,Finance,763641,1-10 Lacs,4,40,No,Yes,43,40+ Hours,4,PhD,2,17,15+ Days,44.31,40+ kms,0,1,0,1,0,40,1,0,0,1,0,40
E00656,Vanya Varty,50,41-50,2,0-2 Years,Financial Analyst,M,Finance,792243,1-10 Lacs,4,55,Yes,No,19,11-20 Hours,5,Bachelor's,1,20,15+ Days,43.77,40+ kms,0,1,0,1,0,40,1,0,0,0,1,40
E00009,Sahil Bawa,30,20-30,1,0-2 Years,Financial Analyst,M,Finance,513819,1-10 Lacs,4,45,No,No,42,40+ Hours,2,PhD,3,11,11-15 Days,44.5,40+ kms,1,1,0,0,0,40,1,0,1,0,1,60
E00250,Hansh Kade,25,20-30,1,0-2 Years,Financial Analyst,M,Finance,715476,1-10 Lacs,4,45,No,No,13,11-20 Hours,1,Diploma,3,9,6-10 Days,38.34,31-40 kms,1,1,1,1,1,100,1,0,0,1,0,40
E00275,Tara D’Alia,24,20-30,1,0-2 Years,Financial Analyst,M,Finance,874278,1-10 Lacs,3,50,No,No,47,40+ Hours,4,PhD,4,12,11-15 Days,31,31-40 kms,0,0,0,0,1,20,1,0,0,1,1,60
E00680,Ivana Sarma,24,20-30,1,0-2 Years,Financial Analyst,M,Finance,816979,1-10 Lacs,5,45,No,No,47,40+ Hours,3,Bachelor's,3,4,0-5 Days,11.46,11-20 kms,0,0,1,1,1,60,1,1,1,1,1,100
E00594,Tejas Kumer,50,41-50,35,15+ Years,Head Data Analytics,F,IT,4005606,40-50 Lacs,3,50,No,Yes,30,21-30 Hours,5,Diploma,4,6,6-10 Days,35.86,31-40 kms,1,1,1,1,1,100,0,1,0,0,0,20
E00112,Arnav Bahri,48,41-50,26,15+ Years,HR Coordinator,F,HR,8973454,80-90 Lacs,4,40,Yes,No,22,21-30 Hours,5,Diploma,5,7,6-10 Days,17.57,11-20 kms,0,0,1,1,0,40,1,0,0,0,0,20
E00237,Hansh Atwal,49,41-50,24,15+ Years,HR Coordinator,F,HR,7541140,70-80 Lacs,1,45,No,Yes,24,21-30 Hours,5,Master's,3,15,11-15 Days,25.47,21-30 kms,0,1,1,0,1,60,1,0,1,0,0,40
E00397,Mehul Sidhu,50,41-50,15,10-15 Years,HR Coordinator,F,HR,4432656,40-50 Lacs,5,45,No,No,25,21-30 Hours,5,Master's,5,8,6-10 Days,17.03,11-20 kms,0,1,0,0,0,20,1,1,1,1,1,100
E00082,Pari Gola,41,41-50,11,10-15 Years,HR Coordinator,F,HR,4647868,40-50 Lacs,5,55,Yes,No,24,21-30 Hours,5,PhD,3,8,6-10 Days,34.13,31-40 kms,1,1,1,1,1,100,1,1,1,1,0,80
E00088,Uthkarsh Savant,38,31-40,11,10-15 Years,HR Coordinator,F,HR,3724524,30-40 Lacs,4,50,No,No,28,21-30 Hours,5,PhD,4,10,6-10 Days,8.14,0-10 kms,1,1,1,1,1,100,0,1,0,1,1,60
E00450,Ira Keer,36,31-40,9,5-10 Years,HR Coordinator,F,HR,2433378,20-30 Lacs,5,45,Yes,Yes,22,21-30 Hours,4,Bachelor's,2,10,6-10 Days,5.51,0-10 kms,0,1,0,1,1,60,0,0,1,0,1,40
E00508,Rasha Wable,42,41-50,7,5-10 Years,HR Coordinator,F,HR,2204681,20-30 Lacs,5,50,No,Yes,49,40+ Hours,4,Diploma,5,4,0-5 Days,33.47,31-40 kms,0,1,1,0,0,40,1,0,1,0,1,60
E00712,Vihaan Walla,30,20-30,7,5-10 Years,HR Coordinator,F,HR,2306304,20-30 Lacs,1,40,Yes,No,38,31-40 Hours,4,Master's,4,1,0-5 Days,30.69,40+ kms,0,0,1,0,0,20,1,1,1,1,1,100
E00129,Ryan Chakraborty,48,41-50,6,5-10 Years,HR Coordinator,F,HR,2001732,20-30 Lacs,2,45,Yes,No,12,11-20 Hours,5,Bachelor's,2,3,0-5 Days,36.21,31-40 kms,1,0,1,1,1,80,0,0,1,1,1,60
E00584,Ishaan Manne,40,31-40,4,2-5 Years,HR Coordinator,F,HR,1732718,10-20 Lacs,1,55,Yes,Yes,27,21-30 Hours,1,Diploma,3,18,15+ Days,33.62,31-40 kms,1,0,0,1,0,40,0,0,0,1,1,40
E00071,Nitya Chahal,45,41-50,3,2-5 Years,HR Coordinator,F,HR,1508309,10-20 Lacs,5,45,Yes,No,20,11-20 Hours,2,Bachelor's,2,5,0-5 Days,44.23,40+ kms,0,0,0,0,1,20,1,1,1,1,1,100
E00433,Misha Vig,33,31-40,3,2-5 Years,HR Coordinator,F,HR,1170993,10-20 Lacs,2,45,No,Yes,10,0-10 Hours,1,Bachelor's,4,16,15+ Days,20,11-20 kms,1,1,1,1,1,100,1,0,0,0,0,20
E00002,Arnav Dayal,50,41-50,20,15+ Years,HR Coordinator,M,HR,5059878,50-60 Lacs,2,50,No,Yes,11,11-20 Hours,3,Diploma,2,0,0-5 Days,20.92,40+ kms,0,0,1,0,0,20,1,0,1,1,1,80
E00052,Anay Bhatia,50,41-50,17,15+ Years,HR Coordinator,M,HR,5471052,50-60 Lacs,5,40,Yes,No,22,21-30 Hours,5,PhD,5,14,11-15 Days,48.04,40+ kms,0,1,0,1,1,60,0,1,1,0,1,60
E00562,Anay Gill,48,41-50,8,5-10 Years,HR Coordinator,M,HR,2630896,20-30 Lacs,5,55,Yes,No,41,40+ Hours,5,Diploma,1,1,0-5 Days,42.72,40+ kms,1,1,1,1,0,80,1,1,0,0,1,60
E00453,Vivaan Sen,34,31-40,5,2-5 Years,HR Coordinator,M,HR,1660264,10-20 Lacs,1,45,Yes,No,45,40+ Hours,1,Diploma,1,7,6-10 Days,40.73,40+ kms,1,1,0,1,1,80,1,1,1,1,1,100
E00026,Romil Majumdar,36,31-40,3,2-5 Years,HR Coordinator,M,HR,1853736,10-20 Lacs,3,40,Yes,Yes,35,31-40 Hours,3,PhD,5,6,6-10 Days,14.09,11-20 kms,1,1,0,1,1,80,0,1,0,0,1,40
E00251,Ira Joshi,30,20-30,3,2-5 Years,HR Coordinator,M,HR,1937650,10-20 Lacs,3,50,No,Yes,50,40+ Hours,4,Bachelor's,4,8,6-10 Days,7.58,0-10 kms,0,1,0,1,0,40,1,1,1,1,0,80
E00302,Ahana  Doctor,45,41-50,2,0-2 Years,HR Coordinator,M,HR,990250,1-10 Lacs,4,45,Yes,Yes,29,21-30 Hours,4,Master's,5,13,11-15 Days,37.24,31-40 kms,0,0,0,0,1,20,1,1,0,1,0,60
E00379,Badal Bhat,32,31-40,1,0-2 Years,HR Coordinator,M,HR,957252,1-10 Lacs,2,55,No,Yes,30,21-30 Hours,5,Master's,4,16,15+ Days,26.01,21-30 kms,0,1,1,0,1,60,1,1,1,1,0,80
E00240,Kabir Rajagopalan,50,41-50,27,15+ Years,HR Manager,F,HR,4523376,40-50 Lacs,4,40,No,Yes,10,0-10 Hours,1,Master's,1,17,15+ Days,10.97,40+ kms,1,0,0,0,0,20,0,1,0,0,1,40
E00666,Priyansh Thaman,49,41-50,24,15+ Years,HR Manager,F,HR,6043773,60-70 Lacs,5,55,No,Yes,13,11-20 Hours,2,Diploma,2,4,0-5 Days,35.4,31-40 kms,0,0,1,1,0,40,1,0,1,1,0,60
E00398,Sumer Ramanathan,50,41-50,20,15+ Years,HR Manager,F,HR,9297047,90 Lacs-1 Cr,5,55,Yes,No,47,40+ Hours,2,Diploma,1,13,11-15 Days,31.06,31-40 kms,1,0,0,0,0,20,1,0,1,1,1,80
E00417,Sana Rau,48,41-50,20,15+ Years,HR Manager,F,HR,5656689,50-60 Lacs,2,55,Yes,No,17,11-20 Hours,2,Bachelor's,4,3,0-5 Days,22.12,21-30 kms,1,1,1,1,1,100,1,0,1,1,0,60
E00647,Kimaya Rout,44,41-50,20,15+ Years,HR Manager,F,HR,6065482,60-70 Lacs,2,45,Yes,Yes,34,31-40 Hours,5,PhD,5,12,11-15 Days,41.06,40+ kms,1,1,1,1,0,80,0,1,0,1,0,40
E00574,Ishaan Chahal,50,41-50,10,5-10 Years,HR Manager,F,HR,2562677,20-30 Lacs,4,50,No,Yes,21,21-30 Hours,1,Diploma,5,15,11-15 Days,28.27,21-30 kms,1,1,1,1,1,100,0,1,0,1,1,60
E00321,Stuvan Subramanian,32,31-40,6,5-10 Years,HR Manager,F,HR,2750092,20-30 Lacs,1,55,No,No,30,21-30 Hours,4,Master's,5,1,0-5 Days,12.75,11-20 kms,1,0,0,1,0,40,0,1,1,1,1,80
E00745,Stuvan Khosla,33,31-40,6,5-10 Years,HR Manager,F,HR,2617504,20-30 Lacs,4,55,Yes,No,32,31-40 Hours,2,Diploma,1,7,6-10 Days,29.86,21-30 kms,0,0,1,0,0,20,1,0,0,0,1,40
E00210,Ahana  Grewal,28,20-30,4,2-5 Years,HR Manager,F,HR,1010434,10-20 Lacs,2,55,Yes,No,35,31-40 Hours,1,PhD,1,13,11-15 Days,27.12,21-30 kms,0,0,1,0,0,20,1,1,1,0,1,80
E00742,Zeeshan Datta,44,41-50,3,2-5 Years,HR Manager,F,HR,1943822,10-20 Lacs,2,45,Yes,No,27,21-30 Hours,1,Master's,4,1,0-5 Days,14.87,11-20 kms,0,1,1,1,1,80,0,0,1,0,1,40
E00128,Sana Dar,50,41-50,1,0-2 Years,HR Manager,F,HR,559475,1-10 Lacs,3,45,Yes,No,32,31-40 Hours,3,Diploma,3,20,15+ Days,43.3,40+ kms,1,1,1,1,1,100,0,0,0,0,1,20
E00595,Hazel Iyengar,38,31-40,1,0-2 Years,HR Manager,F,HR,699055,1-10 Lacs,1,40,Yes,No,23,21-30 Hours,5,Bachelor's,1,2,0-5 Days,7.69,0-10 kms,0,0,0,1,0,20,1,1,1,1,1,100
E00621,Riaan Majumdar,50,41-50,29,15+ Years,HR Manager,M,HR,7184535,70-80 Lacs,2,40,Yes,No,14,11-20 Hours,3,PhD,4,19,15+ Days,30.58,40+ kms,1,0,1,1,1,80,1,0,0,0,0,20
E00142,Biju Hans,47,41-50,20,15+ Years,HR Manager,M,HR,4806226,40-50 Lacs,1,50,Yes,No,17,11-20 Hours,5,Bachelor's,5,10,6-10 Days,47.89,40+ kms,1,1,1,1,0,80,1,1,0,0,1,60
E00660,Prerak Anne,44,41-50,19,15+ Years,HR Manager,M,HR,4906688,40-50 Lacs,5,50,No,Yes,10,0-10 Hours,3,Bachelor's,4,19,15+ Days,21.78,21-30 kms,0,1,0,0,0,20,1,1,0,0,0,40
E00412,Shlok Venkataraman,50,41-50,18,15+ Years,HR Manager,M,HR,5613171,50-60 Lacs,4,55,Yes,Yes,26,21-30 Hours,4,PhD,1,5,0-5 Days,16.61,11-20 kms,0,0,1,0,1,40,1,1,1,1,1,100
E00247,Nitara Bajaj,50,41-50,16,15+ Years,HR Manager,M,HR,5499619,50-60 Lacs,5,50,Yes,No,19,11-20 Hours,4,PhD,1,9,6-10 Days,21.84,21-30 kms,1,1,1,1,1,100,1,0,1,0,0,40
E00351,Ojas Samra,37,31-40,14,10-15 Years,HR Manager,M,HR,4990978,40-50 Lacs,1,55,Yes,Yes,40,31-40 Hours,3,PhD,1,20,15+ Days,22.99,21-30 kms,1,1,1,0,0,60,1,1,1,1,1,100
E00259,Ritvik Keer,50,41-50,12,10-15 Years,HR Manager,M,HR,9413329,90 Lacs-1 Cr,5,45,Yes,No,41,40+ Hours,4,Master's,1,10,6-10 Days,49.78,40+ kms,0,0,1,0,1,40,0,0,1,0,1,40
E00602,Raghav Wali,35,31-40,12,10-15 Years,HR Manager,M,HR,7856755,70-80 Lacs,3,50,Yes,No,10,0-10 Hours,5,PhD,5,0,0-5 Days,5.39,0-10 kms,0,1,0,0,0,20,1,0,1,0,1,60
E00704,Shayak Krish,50,41-50,11,10-15 Years,HR Manager,M,HR,7463595,70-80 Lacs,5,45,No,No,6,0-10 Hours,3,PhD,2,4,0-5 Days,21.98,21-30 kms,1,1,1,1,1,100,1,0,0,1,0,40
E00540,Neysa Bir,37,31-40,10,5-10 Years,HR Manager,M,HR,2670953,20-30 Lacs,5,45,No,Yes,22,21-30 Hours,2,Bachelor's,3,16,15+ Days,15.46,11-20 kms,0,0,1,1,0,40,1,1,1,1,0,80
E00629,Vanya Kala,49,41-50,8,5-10 Years,HR Manager,M,HR,2819627,20-30 Lacs,2,45,Yes,Yes,19,11-20 Hours,3,Diploma,5,19,15+ Days,9.41,0-10 kms,0,1,1,1,1,80,0,0,0,1,0,20
E00693,Nirvi Wable,33,31-40,5,2-5 Years,HR Manager,M,HR,1608772,10-20 Lacs,3,45,No,No,35,31-40 Hours,4,Diploma,2,3,0-5 Days,11.36,11-20 kms,1,1,1,1,1,100,0,0,0,1,0,20
E00322,Aaryahi Swamy,31,31-40,2,0-2 Years,HR Manager,M,HR,623100,1-10 Lacs,1,45,No,Yes,28,21-30 Hours,1,Diploma,2,9,6-10 Days,28.62,21-30 kms,1,0,0,1,0,40,1,0,0,0,0,20
E00593,Riya Dasgupta,24,20-30,2,0-2 Years,HR Manager,M,HR,501203,1-10 Lacs,1,45,Yes,No,32,31-40 Hours,4,Diploma,5,16,15+ Days,30.31,40+ kms,0,0,0,1,1,40,0,1,1,0,1,60
E00741,Ira Gara,46,41-50,2,0-2 Years,HR Manager,M,HR,655351,1-10 Lacs,2,50,No,Yes,7,0-10 Hours,4,Diploma,3,5,0-5 Days,16.17,11-20 kms,1,1,1,1,1,100,0,0,0,0,1,20
E00126,Taran Hora,24,20-30,1,0-2 Years,HR Manager,M,HR,601212,1-10 Lacs,1,45,No,No,46,40+ Hours,5,Master's,3,0,0-5 Days,40.02,40+ kms,1,0,0,1,1,60,1,1,1,0,1,80
E00329,Mehul Ramaswamy,50,41-50,1,0-2 Years,HR Manager,M,HR,576966,1-10 Lacs,3,50,Yes,Yes,45,40+ Hours,5,Diploma,5,17,15+ Days,18.71,11-20 kms,0,0,1,0,1,40,1,1,1,1,1,100
E00563,Jayesh Jaggi,50,41-50,34,15+ Years,IT Support Specialist,F,IT,4449641,40-50 Lacs,3,40,No,Yes,28,21-30 Hours,1,PhD,1,7,6-10 Days,24.42,21-30 kms,1,1,1,1,1,100,1,1,0,0,0,40
E00344,Mahika Wagle,40,31-40,15,10-15 Years,IT Support Specialist,F,IT,9216903,90 Lacs-1 Cr,4,40,Yes,No,17,11-20 Hours,5,Bachelor's,4,7,6-10 Days,47.02,40+ kms,1,0,0,0,1,40,0,0,0,1,0,20
E00503,Manjari Gade,36,31-40,10,5-10 Years,IT Support Specialist,F,IT,2442936,20-30 Lacs,3,55,No,Yes,46,40+ Hours,1,Master's,3,14,11-15 Days,20.71,40+ kms,1,1,1,1,1,100,1,1,1,0,1,80
E00025,Diya Konda,34,31-40,9,5-10 Years,IT Support Specialist,F,IT,2930691,20-30 Lacs,3,55,Yes,Yes,20,11-20 Hours,3,Bachelor's,1,18,15+ Days,28.3,21-30 kms,1,1,1,1,1,100,0,0,0,1,0,20
E00167,Ela Vig,31,31-40,9,5-10 Years,IT Support Specialist,F,IT,2463225,20-30 Lacs,2,55,No,No,38,31-40 Hours,3,Master's,5,3,0-5 Days,23.74,21-30 kms,0,0,1,0,1,40,1,1,0,1,1,80
E00033,Anika Banerjee,29,20-30,5,2-5 Years,IT Support Specialist,F,IT,1548271,10-20 Lacs,3,40,No,No,11,11-20 Hours,1,PhD,5,16,15+ Days,44.38,40+ kms,0,0,1,0,1,40,1,1,0,1,1,80
E00567,Vritika Srinivasan,46,41-50,5,2-5 Years,IT Support Specialist,F,IT,1382310,10-20 Lacs,2,45,No,No,50,40+ Hours,5,Bachelor's,5,4,0-5 Days,27.52,21-30 kms,0,1,0,1,0,40,1,1,1,0,0,60
E00289,Kaira Lal,28,20-30,3,2-5 Years,IT Support Specialist,F,IT,1271457,10-20 Lacs,3,45,Yes,No,20,11-20 Hours,3,Diploma,1,0,0-5 Days,39.71,31-40 kms,0,1,1,1,1,80,1,1,1,1,1,100
E00371,Drishya Ramakrishnan,50,41-50,3,2-5 Years,IT Support Specialist,F,IT,1308002,10-20 Lacs,2,40,No,No,8,0-10 Hours,4,PhD,1,9,6-10 Days,40.9,40+ kms,1,1,1,1,1,100,0,1,0,1,0,40
E00108,Raghav Kara,44,41-50,19,15+ Years,IT Support Specialist,M,IT,5466317,50-60 Lacs,1,40,No,No,16,11-20 Hours,2,PhD,4,0,0-5 Days,18.76,11-20 kms,1,1,1,1,1,100,1,0,1,0,0,40
E00520,Yuvraj  Sampath,50,41-50,13,10-15 Years,IT Support Specialist,M,IT,8703149,80-90 Lacs,1,55,No,Yes,11,11-20 Hours,1,Bachelor's,3,19,15+ Days,42.93,40+ kms,0,1,1,0,1,60,1,1,0,0,1,60
E00489,Jhanvi Jha,34,31-40,11,10-15 Years,IT Support Specialist,M,IT,4923631,40-50 Lacs,3,40,Yes,No,13,11-20 Hours,1,Bachelor's,1,16,15+ Days,13.94,11-20 kms,0,1,1,1,0,60,1,1,1,1,1,100
E00556,Sumer Ramakrishnan,35,31-40,7,5-10 Years,IT Support Specialist,M,IT,2742725,20-30 Lacs,1,40,Yes,No,44,40+ Hours,2,PhD,2,3,0-5 Days,22.38,21-30 kms,1,1,1,0,0,60,1,1,1,1,0,80
E00418,Sumer Apte,49,41-50,4,2-5 Years,IT Support Specialist,M,IT,1147735,10-20 Lacs,3,50,Yes,No,19,11-20 Hours,2,Diploma,5,18,15+ Days,11.45,11-20 kms,0,1,0,1,0,40,0,0,1,1,0,40
E00439,Kismat Ben,50,41-50,27,15+ Years,Logistics Coordinator,F,Operations,3838741,30-40 Lacs,2,50,Yes,No,6,0-10 Hours,4,PhD,2,17,15+ Days,17.63,11-20 kms,1,0,1,1,1,80,0,0,1,0,0,20
E00239,Riaan Divan,50,41-50,26,15+ Years,Logistics Coordinator,F,Operations,9542566,90 Lacs-1 Cr,3,55,No,No,21,21-30 Hours,5,Diploma,1,12,11-15 Days,14.22,11-20 kms,1,1,1,1,1,100,0,0,1,0,0,20
E00284,Ryan Loke,50,41-50,26,15+ Years,Logistics Coordinator,F,Operations,8624042,80-90 Lacs,1,50,No,No,29,21-30 Hours,4,Diploma,3,9,6-10 Days,8.93,0-10 kms,1,0,1,0,1,60,0,0,1,0,0,20
E00333,Mohanlal Sarin,50,41-50,26,15+ Years,Logistics Coordinator,F,Operations,6675753,60-70 Lacs,5,55,Yes,Yes,18,11-20 Hours,4,PhD,5,1,0-5 Days,42.07,40+ kms,1,1,1,0,1,80,1,1,0,1,0,60
E00285,Fateh Lanka,50,41-50,19,15+ Years,Logistics Coordinator,F,Operations,3799663,30-40 Lacs,3,50,No,No,7,0-10 Hours,1,Master's,2,0,0-5 Days,34.42,31-40 kms,1,1,1,0,1,80,0,1,1,1,0,60
E00507,Veer Kamdar,50,41-50,19,15+ Years,Logistics Coordinator,F,Operations,8783095,80-90 Lacs,3,50,No,Yes,27,21-30 Hours,4,PhD,1,15,11-15 Days,8.4,0-10 kms,0,1,0,0,0,20,0,1,0,1,0,40
E00736,Vaibhav Chawla,41,41-50,18,15+ Years,Logistics Coordinator,F,Operations,5434454,50-60 Lacs,4,45,No,Yes,21,21-30 Hours,5,Master's,1,1,0-5 Days,29.74,21-30 kms,0,1,0,1,1,60,1,1,0,0,1,60
E00293,Riaan Kant,50,41-50,13,10-15 Years,Logistics Coordinator,F,Operations,4294132,40-50 Lacs,1,50,No,No,6,0-10 Hours,2,Diploma,1,7,6-10 Days,30.32,40+ kms,0,1,1,1,1,80,1,0,1,1,1,80
E00665,Arnav Khatri,47,41-50,12,10-15 Years,Logistics Coordinator,F,Operations,4968422,40-50 Lacs,2,40,Yes,No,50,40+ Hours,3,PhD,4,11,11-15 Days,10.44,40+ kms,0,0,1,1,0,40,1,1,1,1,1,100
E00168,Chirag Chowdhury,40,31-40,11,10-15 Years,Logistics Coordinator,F,Operations,3964507,30-40 Lacs,5,55,No,Yes,44,40+ Hours,1,PhD,5,2,0-5 Days,23.23,21-30 kms,0,0,0,1,0,20,1,1,1,0,1,80
E00523,Ishaan Bhatnagar,46,41-50,11,10-15 Years,Logistics Coordinator,F,Operations,5054310,50-60 Lacs,2,55,No,Yes,29,21-30 Hours,5,Diploma,3,17,15+ Days,7.33,0-10 kms,0,0,1,0,0,20,0,0,0,0,1,20
E00400,Mannat Thaman,50,41-50,9,5-10 Years,Logistics Coordinator,F,Operations,2116280,20-30 Lacs,5,50,No,Yes,10,0-10 Hours,2,Master's,5,15,11-15 Days,23.11,21-30 kms,0,0,1,1,0,40,1,1,1,1,1,100
E00658,Ela Jayaraman,47,41-50,8,5-10 Years,Logistics Coordinator,F,Operations,2131473,20-30 Lacs,4,40,No,No,47,40+ Hours,2,Diploma,1,5,0-5 Days,43.78,40+ kms,1,1,1,1,1,100,1,1,0,0,1,60
E00674,Anya Contractor,50,41-50,8,5-10 Years,Logistics Coordinator,F,Operations,2720431,20-30 Lacs,4,50,No,Yes,17,11-20 Hours,5,PhD,1,19,15+ Days,27.55,21-30 kms,1,1,1,1,1,100,1,1,1,1,1,100
E00069,Ishaan Garg,50,41-50,7,5-10 Years,Logistics Coordinator,F,Operations,2095700,20-30 Lacs,2,50,No,Yes,35,31-40 Hours,2,PhD,3,6,6-10 Days,21.06,21-30 kms,1,1,0,0,1,60,1,0,1,0,1,60
E00535,Nayantara Kunda,30,20-30,6,5-10 Years,Logistics Coordinator,F,Operations,2313356,20-30 Lacs,2,45,No,Yes,50,40+ Hours,5,Bachelor's,1,13,11-15 Days,33.19,31-40 kms,1,1,1,0,1,80,1,1,1,1,1,100
E00749,Ojas Khare,50,41-50,2,0-2 Years,Logistics Coordinator,F,Operations,729583,1-10 Lacs,1,40,No,No,12,11-20 Hours,4,PhD,5,15,11-15 Days,5.84,0-10 kms,0,0,1,0,1,40,1,0,0,1,0,40
E00438,Saanvi Baral,50,41-50,1,0-2 Years,Logistics Coordinator,F,Operations,796699,1-10 Lacs,3,55,No,Yes,16,11-20 Hours,1,Bachelor's,3,18,15+ Days,43.66,40+ kms,0,0,0,1,1,40,1,1,0,0,0,40
E00681,Riya Sant,23,20-30,1,0-2 Years,Logistics Coordinator,F,Operations,621852,1-10 Lacs,3,40,Yes,Yes,48,40+ Hours,2,Diploma,2,1,0-5 Days,20.52,40+ kms,1,1,1,1,1,100,1,0,0,0,0,20
E00457,Pihu Sangha,50,41-50,29,15+ Years,Logistics Coordinator,M,Operations,5296961,50-60 Lacs,3,50,No,Yes,35,31-40 Hours,1,Diploma,4,0,0-5 Days,7.02,0-10 kms,1,0,0,0,1,40,1,1,1,1,1,100
E00528,Dhanush Mammen,50,41-50,29,15+ Years,Logistics Coordinator,M,Operations,6957529,60-70 Lacs,2,45,No,No,29,21-30 Hours,2,Diploma,4,17,15+ Days,9.59,0-10 kms,0,0,1,0,0,20,0,0,0,1,1,40
E00700,Tiya Sinha,50,41-50,29,15+ Years,Logistics Coordinator,M,Operations,5974776,50-60 Lacs,5,55,Yes,Yes,24,21-30 Hours,5,Bachelor's,3,16,15+ Days,28.56,21-30 kms,1,0,0,0,1,40,1,1,1,1,1,100
E00719,Aayush Halder,50,41-50,28,15+ Years,Logistics Coordinator,M,Operations,4320170,40-50 Lacs,2,40,Yes,No,28,21-30 Hours,4,Diploma,5,6,6-10 Days,29.08,21-30 kms,1,1,0,1,0,60,0,1,0,0,1,40
E00419,Mishti Balasubramanian,50,41-50,22,15+ Years,Logistics Coordinator,M,Operations,8778425,80-90 Lacs,1,40,No,No,30,21-30 Hours,5,Diploma,3,0,0-5 Days,15.3,11-20 kms,1,1,1,1,1,100,0,0,0,0,1,20
E00278,Aarav Dave,44,41-50,20,15+ Years,Logistics Coordinator,M,Operations,7564586,70-80 Lacs,5,50,Yes,Yes,30,21-30 Hours,4,Diploma,2,4,0-5 Days,46.68,40+ kms,1,0,1,1,1,80,0,1,0,1,1,60
E00354,Riya Dar,50,41-50,20,15+ Years,Logistics Coordinator,M,Operations,4311547,40-50 Lacs,3,50,Yes,Yes,34,31-40 Hours,3,PhD,2,15,11-15 Days,49.05,40+ kms,1,1,1,1,1,100,0,1,0,0,0,20
E00013,Ishita Khare,50,41-50,17,15+ Years,Logistics Coordinator,M,Operations,8507674,80-90 Lacs,2,50,Yes,No,39,31-40 Hours,3,Bachelor's,4,6,6-10 Days,44.21,40+ kms,1,1,1,1,1,100,1,1,1,0,1,80
E00465,Keya Tandon,41,41-50,16,15+ Years,Logistics Coordinator,M,Operations,9581120,90 Lacs-1 Cr,3,50,No,No,26,21-30 Hours,5,Diploma,2,20,15+ Days,31.35,31-40 kms,0,0,1,1,0,40,0,1,0,1,0,40
E00437,Shanaya Subramaniam,44,41-50,13,10-15 Years,Logistics Coordinator,M,Operations,4442852,40-50 Lacs,5,45,Yes,No,30,21-30 Hours,3,Master's,2,0,0-5 Days,49.54,40+ kms,1,1,1,1,1,100,1,0,1,1,1,80
E00218,Dharmajan Ben,43,41-50,10,5-10 Years,Logistics Coordinator,M,Operations,2766420,20-30 Lacs,1,45,No,No,50,40+ Hours,5,Master's,3,12,11-15 Days,43.94,40+ kms,0,0,0,1,0,20,1,1,0,1,0,60
E00211,Amani Gokhale,50,41-50,9,5-10 Years,Logistics Coordinator,M,Operations,2379659,20-30 Lacs,5,45,No,No,38,31-40 Hours,1,Diploma,2,8,6-10 Days,26.92,21-30 kms,0,0,1,1,0,40,0,0,0,0,1,20
E00601,Kavya Banerjee,38,31-40,9,5-10 Years,Logistics Coordinator,M,Operations,2140714,20-30 Lacs,5,55,Yes,Yes,22,21-30 Hours,3,PhD,2,16,15+ Days,21.8,21-30 kms,1,1,0,1,1,80,1,0,1,1,1,80
E00136,Armaan Dora,50,41-50,6,5-10 Years,Logistics Coordinator,M,Operations,2694367,20-30 Lacs,2,55,Yes,Yes,43,40+ Hours,3,Diploma,4,15,11-15 Days,23.65,21-30 kms,0,1,1,1,1,80,0,0,1,1,1,60
E00628,Dhanuk Rege,29,20-30,6,5-10 Years,Logistics Coordinator,M,Operations,2116015,20-30 Lacs,1,55,No,Yes,47,40+ Hours,3,Bachelor's,3,18,15+ Days,17.05,11-20 kms,1,1,1,1,1,100,1,0,0,0,0,20
E00343,Kartik Gara,35,31-40,5,2-5 Years,Logistics Coordinator,M,Operations,1338425,10-20 Lacs,3,50,No,Yes,23,21-30 Hours,5,Diploma,3,7,6-10 Days,44.3,40+ kms,1,0,1,1,1,80,1,1,0,1,1,80
E00557,Pari Dubey,49,41-50,4,2-5 Years,Logistics Coordinator,M,Operations,1670504,10-20 Lacs,4,50,Yes,Yes,47,40+ Hours,4,Diploma,4,0,0-5 Days,40.37,40+ kms,1,0,0,1,1,60,1,1,1,0,1,80
E00045,Sana Deshmukh,30,20-30,2,0-2 Years,Logistics Coordinator,M,Operations,848948,1-10 Lacs,2,55,Yes,Yes,47,40+ Hours,2,Bachelor's,1,5,0-5 Days,23.93,21-30 kms,0,1,1,0,1,60,1,0,1,0,1,60
E00054,Vihaan Bath,44,41-50,2,0-2 Years,Logistics Coordinator,M,Operations,628589,1-10 Lacs,5,50,No,Yes,30,21-30 Hours,1,Bachelor's,1,19,15+ Days,6.94,0-10 kms,0,0,1,0,0,20,0,0,0,1,0,20
E00345,Yashvi Dutta,27,20-30,1,0-2 Years,Logistics Coordinator,M,Operations,801145,1-10 Lacs,2,50,Yes,No,36,31-40 Hours,5,Bachelor's,2,15,11-15 Days,42.16,40+ kms,0,0,1,0,1,40,1,1,1,1,1,100
E00432,Aarav Krishna,45,41-50,1,0-2 Years,Logistics Coordinator,M,Operations,728656,1-10 Lacs,2,40,Yes,Yes,15,11-20 Hours,1,Master's,2,20,15+ Days,10.6,40+ kms,1,0,0,0,1,40,1,1,1,1,0,80
E00030,Samar Mani,50,41-50,31,15+ Years,Marketing Coordinator,F,Marketing,9044810,90 Lacs-1 Cr,5,50,Yes,No,28,21-30 Hours,1,Master's,2,6,6-10 Days,28.18,21-30 kms,1,1,0,1,0,60,1,1,1,1,1,100
E00532,Indrans Shukla,50,41-50,30,15+ Years,Marketing Coordinator,F,Marketing,6435428,60-70 Lacs,5,45,Yes,No,38,31-40 Hours,1,Master's,5,16,15+ Days,41.07,40+ kms,1,1,1,1,1,100,0,0,1,0,0,20
E00036,Rati Thakkar,50,41-50,18,15+ Years,Marketing Coordinator,F,Marketing,7118041,70-80 Lacs,1,55,No,Yes,26,21-30 Hours,3,Master's,5,0,0-5 Days,18.16,11-20 kms,0,1,1,1,1,80,1,1,1,1,1,100
E00049,Divyansh Srinivas,50,41-50,15,10-15 Years,Marketing Coordinator,F,Marketing,8884577,80-90 Lacs,1,50,Yes,No,50,40+ Hours,4,Bachelor's,2,1,0-5 Days,22.01,21-30 kms,0,0,0,1,0,20,0,0,1,1,1,60
E00223,Charvi Venkatesh,40,31-40,15,10-15 Years,Marketing Coordinator,F,Marketing,9920797,90 Lacs-1 Cr,3,45,Yes,No,9,0-10 Hours,5,Diploma,5,7,6-10 Days,11.08,11-20 kms,1,1,1,0,0,60,0,1,0,1,0,40
E00552,Rasha Dugal,36,31-40,10,5-10 Years,Marketing Coordinator,F,Marketing,2739564,20-30 Lacs,3,45,Yes,No,22,21-30 Hours,2,PhD,2,15,11-15 Days,43.23,40+ kms,1,1,1,1,1,100,0,0,0,0,1,20
E00710,Ela Sani,50,41-50,10,5-10 Years,Marketing Coordinator,F,Marketing,2574921,20-30 Lacs,1,55,No,No,44,40+ Hours,3,PhD,3,11,11-15 Days,40.47,40+ kms,0,1,1,1,1,80,1,0,0,0,0,20
E00388,Hiran Tailor,50,41-50,8,5-10 Years,Marketing Coordinator,F,Marketing,2957866,20-30 Lacs,1,45,No,No,8,0-10 Hours,3,Diploma,1,20,15+ Days,18.3,11-20 kms,0,0,0,0,1,20,1,0,0,1,1,60
E00265,Amani Garde,28,20-30,5,2-5 Years,Marketing Coordinator,F,Marketing,1373002,10-20 Lacs,3,50,No,Yes,15,11-20 Hours,2,PhD,2,5,0-5 Days,13.66,11-20 kms,1,1,1,1,1,100,1,0,1,1,0,60
E00422,Darshit Tara,35,31-40,2,0-2 Years,Marketing Coordinator,F,Marketing,691646,1-10 Lacs,3,40,Yes,Yes,36,31-40 Hours,5,Bachelor's,1,11,11-15 Days,28.22,21-30 kms,1,0,1,0,1,60,1,0,0,0,1,40
E00618,Kiaan Vyas,50,41-50,2,0-2 Years,Marketing Coordinator,F,Marketing,912867,1-10 Lacs,2,50,No,No,26,21-30 Hours,5,PhD,2,8,6-10 Days,25.89,21-30 kms,1,0,0,1,1,60,0,0,0,0,1,20
E00051,Kaira Ravel,50,41-50,26,15+ Years,Marketing Coordinator,M,Marketing,6580475,60-70 Lacs,5,45,No,Yes,6,0-10 Hours,3,Bachelor's,2,10,6-10 Days,44.91,40+ kms,1,1,0,1,1,80,1,0,1,1,1,80
E00425,Alia Kalla,50,41-50,24,15+ Years,Marketing Coordinator,M,Marketing,7870735,70-80 Lacs,3,40,Yes,Yes,17,11-20 Hours,5,Diploma,5,9,6-10 Days,13.87,11-20 kms,0,0,0,1,0,20,1,1,0,1,1,80
E00504,Ryan Aurora,50,41-50,18,15+ Years,Marketing Coordinator,M,Marketing,7997786,70-80 Lacs,1,40,Yes,Yes,5,0-10 Hours,3,Master's,2,10,6-10 Days,9.52,0-10 kms,0,0,0,0,1,20,0,1,0,0,0,20
E00307,Piya Verma,40,31-40,11,10-15 Years,Marketing Coordinator,M,Marketing,5276124,50-60 Lacs,4,45,No,Yes,17,11-20 Hours,2,PhD,4,14,11-15 Days,40.71,40+ kms,0,1,0,0,0,20,1,1,1,1,1,100
E00229,Tejas Banik,50,41-50,10,5-10 Years,Marketing Coordinator,M,Marketing,2009601,20-30 Lacs,2,45,No,Yes,22,21-30 Hours,1,Diploma,1,20,15+ Days,40.02,40+ kms,0,0,0,1,0,20,1,1,1,1,1,100
E00559,Amani Suresh,33,31-40,10,5-10 Years,Marketing Coordinator,M,Marketing,2025019,20-30 Lacs,5,55,Yes,No,6,0-10 Hours,1,Diploma,2,3,0-5 Days,14.67,11-20 kms,0,0,0,0,1,20,1,0,1,1,1,80
E00380,Neelofar Deshpande,48,41-50,9,5-10 Years,Marketing Coordinator,M,Marketing,2919180,20-30 Lacs,2,45,No,Yes,38,31-40 Hours,4,Bachelor's,5,8,6-10 Days,49.27,40+ kms,0,1,0,1,1,60,1,1,1,1,1,100
E00178,Anya Uppal,28,20-30,4,2-5 Years,Marketing Coordinator,M,Marketing,1690722,10-20 Lacs,2,55,No,Yes,37,31-40 Hours,3,Master's,3,18,15+ Days,35.42,31-40 kms,1,1,1,1,1,100,1,1,1,1,1,100
E00399,Mohanlal Krish,50,41-50,3,2-5 Years,Marketing Coordinator,M,Marketing,1756491,10-20 Lacs,2,45,Yes,Yes,8,0-10 Hours,4,Bachelor's,5,16,15+ Days,7.86,0-10 kms,0,0,0,1,0,20,1,1,1,1,1,100
E00713,Adah Bajwa,50,41-50,3,2-5 Years,Marketing Coordinator,M,Marketing,1536791,10-20 Lacs,4,50,Yes,No,27,21-30 Hours,4,Bachelor's,1,12,11-15 Days,25.48,21-30 kms,0,1,1,1,0,60,1,0,1,1,1,80
E00070,Fateh Raju,47,41-50,2,0-2 Years,Marketing Coordinator,M,Marketing,591846,1-10 Lacs,2,40,Yes,No,6,0-10 Hours,3,PhD,4,4,0-5 Days,26.79,21-30 kms,0,0,1,0,0,20,1,1,0,1,1,80
E00299,Shanaya Johal,23,20-30,1,0-2 Years,Marketing Coordinator,M,Marketing,719249,1-10 Lacs,2,45,No,Yes,49,40+ Hours,3,Diploma,3,3,0-5 Days,40.7,40+ kms,1,1,1,1,1,100,1,1,1,0,0,60
E00495,Raghav Chanda,28,20-30,1,0-2 Years,Marketing Coordinator,M,Marketing,876508,1-10 Lacs,1,55,No,No,47,40+ Hours,5,Bachelor's,5,15,11-15 Days,27.54,21-30 kms,0,1,1,1,1,80,1,1,1,1,1,100
E00636,Trisha Venkataraman,49,41-50,25,15+ Years,Marketing Manager,F,Marketing,8924245,80-90 Lacs,5,50,Yes,No,41,40+ Hours,2,Bachelor's,1,11,11-15 Days,22.76,21-30 kms,0,1,1,0,0,40,0,1,1,0,1,60
E00038,Elakshi Tak,50,41-50,24,15+ Years,Marketing Manager,F,Marketing,4208015,40-50 Lacs,4,50,No,No,49,40+ Hours,2,Diploma,4,20,15+ Days,21.09,21-30 kms,1,1,1,0,1,80,1,0,1,0,0,40
E00500,Chirag Kala,46,41-50,20,15+ Years,Marketing Manager,F,Marketing,5456713,50-60 Lacs,1,55,No,No,33,31-40 Hours,1,PhD,2,4,0-5 Days,16.03,11-20 kms,0,0,1,1,0,40,0,0,0,0,1,20
E00711,Divij Keer,43,41-50,20,15+ Years,Marketing Manager,F,Marketing,5224262,50-60 Lacs,5,55,Yes,Yes,45,40+ Hours,5,Bachelor's,3,2,0-5 Days,5.37,0-10 kms,0,1,0,0,0,20,1,0,1,1,0,60
E00006,Hiran Shroff,44,41-50,18,15+ Years,Marketing Manager,F,Marketing,3847424,30-40 Lacs,2,40,No,Yes,32,31-40 Hours,5,Diploma,5,0,0-5 Days,33.55,31-40 kms,1,1,1,1,1,100,0,1,0,0,0,20
E00169,Arnav Doctor,47,41-50,17,15+ Years,Marketing Manager,F,Marketing,3847949,30-40 Lacs,2,40,Yes,Yes,44,40+ Hours,2,PhD,2,4,0-5 Days,15.99,11-20 kms,0,1,0,1,1,60,1,1,1,0,0,60
E00490,Advik Golla,40,31-40,14,10-15 Years,Marketing Manager,F,Marketing,4293153,40-50 Lacs,4,45,No,No,18,11-20 Hours,2,PhD,1,5,0-5 Days,14.26,11-20 kms,1,0,1,1,1,80,1,0,1,0,0,40
E00318,Hunar Kapur,33,31-40,9,5-10 Years,Marketing Manager,F,Marketing,2032568,20-30 Lacs,2,45,No,No,22,21-30 Hours,5,Diploma,3,2,0-5 Days,27.11,21-30 kms,1,0,1,0,0,40,1,1,1,1,0,80
E00335,Onkar Sarraf,49,41-50,9,5-10 Years,Marketing Manager,F,Marketing,2678924,20-30 Lacs,5,40,No,Yes,7,0-10 Hours,2,Diploma,5,0,0-5 Days,8.8,0-10 kms,1,1,1,1,1,100,1,1,1,1,1,100
E00632,Eshani Bir,39,31-40,8,5-10 Years,Marketing Manager,F,Marketing,2040683,20-30 Lacs,3,55,No,No,5,0-10 Hours,2,Master's,3,9,6-10 Days,8.74,0-10 kms,1,0,1,0,0,40,0,1,1,0,1,60
E00493,Advik Setty,39,31-40,7,5-10 Years,Marketing Manager,F,Marketing,2736096,20-30 Lacs,1,50,No,Yes,49,40+ Hours,1,Bachelor's,5,20,15+ Days,11.46,11-20 kms,1,1,1,1,1,100,0,1,1,1,1,80
E00235,Kabir Karan,27,20-30,5,2-5 Years,Marketing Manager,F,Marketing,1048578,10-20 Lacs,2,55,Yes,No,17,11-20 Hours,2,Master's,2,10,6-10 Days,25.95,21-30 kms,1,1,1,1,1,100,0,0,1,0,0,20
E00161,Aayush Garde,31,31-40,4,2-5 Years,Marketing Manager,F,Marketing,1114896,10-20 Lacs,5,55,Yes,Yes,42,40+ Hours,4,Master's,5,15,11-15 Days,29.81,21-30 kms,0,0,0,0,1,20,1,0,0,1,1,60
E00518,Saksham Hegde,50,41-50,4,2-5 Years,Marketing Manager,F,Marketing,1871286,10-20 Lacs,2,50,Yes,No,27,21-30 Hours,4,PhD,3,10,6-10 Days,23.5,21-30 kms,0,1,0,1,0,40,0,1,1,1,1,80
E00072,Anaya Sangha,24,20-30,2,0-2 Years,Marketing Manager,F,Marketing,665793,1-10 Lacs,2,40,Yes,No,6,0-10 Hours,5,Master's,5,19,15+ Days,9.67,0-10 kms,1,0,1,0,0,40,1,0,0,0,0,20
E00506,Krish Singh,37,31-40,2,0-2 Years,Marketing Manager,F,Marketing,652641,1-10 Lacs,5,40,Yes,Yes,17,11-20 Hours,4,PhD,5,3,0-5 Days,29.39,21-30 kms,1,1,1,0,0,60,1,0,1,0,1,60
E00547,Myra Bhargava,25,20-30,1,0-2 Years,Marketing Manager,F,Marketing,586338,1-10 Lacs,4,40,No,No,29,21-30 Hours,1,Master's,3,2,0-5 Days,7.5,0-10 kms,0,1,1,0,0,40,1,0,0,1,0,40
E00491,Pihu Chatterjee,50,41-50,29,15+ Years,Marketing Manager,M,Marketing,3718702,30-40 Lacs,2,55,Yes,Yes,22,21-30 Hours,3,Bachelor's,3,17,15+ Days,48.27,40+ kms,1,1,1,1,1,100,1,1,1,1,1,100
E00103,Pari Lalla,50,41-50,23,15+ Years,Marketing Manager,M,Marketing,8360428,80-90 Lacs,3,45,Yes,No,34,31-40 Hours,4,Master's,5,16,15+ Days,10.53,40+ kms,1,0,1,1,0,60,1,1,1,1,1,100
E00643,Yuvraj  Talwar,36,31-40,14,10-15 Years,Marketing Manager,M,Marketing,8867742,80-90 Lacs,2,40,No,No,5,0-10 Hours,5,Master's,1,12,11-15 Days,46.78,40+ kms,1,1,1,1,1,100,0,0,1,0,0,20
E00348,Kanav Gour,50,41-50,12,10-15 Years,Marketing Manager,M,Marketing,9276481,90 Lacs-1 Cr,2,50,Yes,Yes,7,0-10 Hours,4,Master's,5,16,15+ Days,47.09,40+ kms,1,1,1,1,1,100,1,0,1,0,1,60
E00184,Prerak Tella,41,41-50,10,5-10 Years,Marketing Manager,M,Marketing,2674169,20-30 Lacs,1,50,Yes,Yes,25,21-30 Hours,3,PhD,2,5,0-5 Days,13.54,11-20 kms,1,0,1,1,1,80,1,1,1,1,1,100
E00531,Vardaniya Dayal,32,31-40,10,5-10 Years,Marketing Manager,M,Marketing,2210234,20-30 Lacs,5,55,Yes,Yes,17,11-20 Hours,5,Bachelor's,4,14,11-15 Days,30.56,40+ kms,1,1,1,1,1,100,0,1,1,0,0,40
E00645,Aarush Manne,50,41-50,10,5-10 Years,Marketing Manager,M,Marketing,2175157,20-30 Lacs,2,55,No,No,29,21-30 Hours,1,Master's,5,0,0-5 Days,39.8,31-40 kms,1,0,1,1,1,80,0,1,1,0,1,60
E00209,Armaan Srinivas,50,41-50,9,5-10 Years,Marketing Manager,M,Marketing,2519943,20-30 Lacs,3,50,No,No,42,40+ Hours,3,Master's,1,18,15+ Days,31.35,31-40 kms,1,0,0,1,1,60,1,1,1,0,1,80
E00198,Mohanlal Edwin,49,41-50,6,5-10 Years,Marketing Manager,M,Marketing,2309735,20-30 Lacs,5,55,No,No,31,31-40 Hours,4,Diploma,1,16,15+ Days,33.84,31-40 kms,0,1,0,1,1,60,1,1,1,1,1,100
E00685,Manikya Kothari,31,31-40,6,5-10 Years,Marketing Manager,M,Marketing,2950696,20-30 Lacs,3,50,Yes,No,37,31-40 Hours,1,Bachelor's,2,15,11-15 Days,33.95,31-40 kms,0,1,0,0,0,20,1,1,1,1,1,100
E00682,Anika Mammen,47,41-50,4,2-5 Years,Marketing Manager,M,Marketing,1095022,10-20 Lacs,1,55,No,Yes,22,21-30 Hours,1,Master's,5,19,15+ Days,28.55,21-30 kms,1,0,1,0,0,40,1,1,1,0,1,80
E00355,Ryan Majumdar,27,20-30,3,2-5 Years,Marketing Manager,M,Marketing,1718577,10-20 Lacs,3,45,No,No,32,31-40 Hours,4,PhD,5,1,0-5 Days,7.75,0-10 kms,0,1,0,0,0,20,1,0,0,0,0,20
E00717,Yasmin Sarkar,28,20-30,3,2-5 Years,Marketing Manager,M,Marketing,1667459,10-20 Lacs,3,45,Yes,No,13,11-20 Hours,2,Bachelor's,3,14,11-15 Days,33.02,31-40 kms,1,0,0,1,0,40,1,1,1,1,0,80
E00546,Uthkarsh Kunda,50,41-50,34,15+ Years,Operations Manager,F,Operations,7657567,70-80 Lacs,1,50,Yes,No,24,21-30 Hours,5,Master's,2,0,0-5 Days,36,31-40 kms,1,1,1,1,1,100,0,0,0,1,0,20
E00748,Mamooty Kala,50,41-50,31,15+ Years,Operations Manager,F,Operations,8906928,80-90 Lacs,1,55,Yes,No,36,31-40 Hours,1,Master's,5,17,15+ Days,23.36,21-30 kms,1,1,1,1,1,100,1,1,1,1,1,100
E00728,Tarini Bail,48,41-50,20,15+ Years,Operations Manager,F,Operations,4335962,40-50 Lacs,5,55,Yes,No,35,31-40 Hours,5,Master's,4,19,15+ Days,49.96,40+ kms,0,0,0,0,1,20,0,0,1,0,1,40
E00091,Ivan Kapoor,35,31-40,12,10-15 Years,Operations Manager,F,Operations,8592908,80-90 Lacs,1,55,Yes,Yes,31,31-40 Hours,1,Master's,1,16,15+ Days,5.62,0-10 kms,1,1,0,1,1,80,0,1,1,1,1,80
E00697,Manikya Sagar,34,31-40,12,10-15 Years,Operations Manager,F,Operations,6482345,60-70 Lacs,1,40,No,Yes,27,21-30 Hours,4,PhD,1,6,6-10 Days,8.12,0-10 kms,1,0,1,0,1,60,1,1,1,0,1,80
E00698,Mohanlal Gola,38,31-40,10,5-10 Years,Operations Manager,F,Operations,2418784,20-30 Lacs,1,40,No,No,5,0-10 Hours,3,PhD,3,4,0-5 Days,36.57,31-40 kms,1,0,1,1,1,80,0,1,0,0,0,20
E00477,Eva Chad,28,20-30,6,5-10 Years,Operations Manager,F,Operations,2904244,20-30 Lacs,1,45,No,Yes,27,21-30 Hours,1,PhD,3,0,0-5 Days,12.15,11-20 kms,1,1,1,1,1,100,0,1,1,0,0,40
E00605,Manjari Dyal,38,31-40,6,5-10 Years,Operations Manager,F,Operations,2385795,20-30 Lacs,2,50,Yes,No,14,11-20 Hours,1,PhD,2,6,6-10 Days,7.17,0-10 kms,1,0,1,1,0,60,0,1,1,0,0,40
E00406,Inaaya  Dugar,27,20-30,5,2-5 Years,Operations Manager,F,Operations,1997970,10-20 Lacs,1,40,No,Yes,31,31-40 Hours,3,Master's,4,6,6-10 Days,26.08,21-30 kms,1,1,0,0,1,60,1,1,0,0,0,40
E00101,Saksham Agarwal,38,31-40,4,2-5 Years,Operations Manager,F,Operations,1239081,10-20 Lacs,2,45,No,Yes,16,11-20 Hours,1,Diploma,5,4,0-5 Days,35.26,31-40 kms,1,1,1,1,1,100,1,1,1,1,1,100
E00722,Kiaan Vala,29,20-30,2,0-2 Years,Operations Manager,F,Operations,629682,1-10 Lacs,4,45,Yes,Yes,15,11-20 Hours,1,PhD,4,15,11-15 Days,8.85,0-10 kms,1,1,1,1,1,100,0,0,1,0,1,40
E00729,Aniruddh Manne,25,20-30,2,0-2 Years,Operations Manager,F,Operations,534540,1-10 Lacs,5,45,Yes,Yes,43,40+ Hours,3,Bachelor's,1,13,11-15 Days,32.57,31-40 kms,1,1,1,1,1,100,0,1,0,0,0,20
E00600,Neelofar Khosla,39,31-40,1,0-2 Years,Operations Manager,F,Operations,526425,1-10 Lacs,1,50,No,Yes,11,11-20 Hours,5,PhD,3,14,11-15 Days,6.93,0-10 kms,1,1,0,0,1,60,1,1,1,0,0,60
E00577,Anya Wali,50,41-50,22,15+ Years,Operations Manager,M,Operations,4908512,40-50 Lacs,3,50,Yes,No,15,11-20 Hours,4,Master's,3,19,15+ Days,24.74,21-30 kms,1,1,1,1,1,100,1,0,0,0,1,40
E00586,Indrajit Andra,50,41-50,22,15+ Years,Operations Manager,M,Operations,3112770,30-40 Lacs,5,50,Yes,Yes,30,21-30 Hours,4,Master's,1,14,11-15 Days,27.71,21-30 kms,0,0,1,1,1,60,0,0,0,0,1,20
E00213,Aradhya Datta,49,41-50,16,15+ Years,Operations Manager,M,Operations,9616403,90 Lacs-1 Cr,3,45,No,No,25,21-30 Hours,5,Master's,4,18,15+ Days,33.58,31-40 kms,0,0,0,1,1,40,0,1,1,1,1,80
E00144,Alia Konda,39,31-40,14,10-15 Years,Operations Manager,M,Operations,8153622,80-90 Lacs,3,50,No,Yes,48,40+ Hours,3,Master's,2,7,6-10 Days,23.21,21-30 kms,0,0,1,0,0,20,0,1,0,0,0,20
E00340,Hiran Balay,46,41-50,13,10-15 Years,Operations Manager,M,Operations,7340890,70-80 Lacs,5,40,No,No,43,40+ Hours,3,Bachelor's,4,13,11-15 Days,26.43,21-30 kms,1,1,0,0,1,60,1,0,0,0,0,20
E00175,Kaira Bath,41,41-50,12,10-15 Years,Operations Manager,M,Operations,9475769,90 Lacs-1 Cr,2,40,No,Yes,31,31-40 Hours,3,PhD,3,15,11-15 Days,44.98,40+ kms,1,0,0,0,0,20,1,0,0,0,0,20
E00334,Kavya Karan,31,31-40,9,5-10 Years,Operations Manager,M,Operations,2444148,20-30 Lacs,3,45,Yes,Yes,15,11-20 Hours,4,Diploma,3,3,0-5 Days,32.18,31-40 kms,1,1,1,1,1,100,1,1,1,1,1,100
E00023,Zaina Magar,43,41-50,7,5-10 Years,Operations Manager,M,Operations,2287094,20-30 Lacs,4,50,Yes,No,26,21-30 Hours,5,Master's,2,10,6-10 Days,26.66,21-30 kms,1,1,0,0,0,40,1,0,0,0,0,20
E00020,Renee Virk,27,20-30,5,2-5 Years,Operations Manager,M,Operations,1907337,10-20 Lacs,4,55,Yes,Yes,26,21-30 Hours,5,Diploma,1,12,11-15 Days,33.13,31-40 kms,1,1,0,1,0,60,0,0,1,0,1,40
E00061,Neelofar Dora,45,41-50,5,2-5 Years,Operations Manager,M,Operations,1475577,10-20 Lacs,2,50,Yes,No,29,21-30 Hours,4,Master's,5,4,0-5 Days,12.71,11-20 kms,1,1,1,1,1,100,1,1,0,0,0,40
E00173,Umang Krishnan,41,41-50,5,2-5 Years,Operations Manager,M,Operations,1405978,10-20 Lacs,4,45,No,No,36,31-40 Hours,1,Diploma,5,3,0-5 Days,12.23,11-20 kms,0,1,0,0,0,20,1,1,1,1,1,100
E00145,Aarna Barman,29,20-30,4,2-5 Years,Operations Manager,M,Operations,1618785,10-20 Lacs,4,45,Yes,No,8,0-10 Hours,4,Diploma,2,14,11-15 Days,38.25,31-40 kms,1,0,0,1,0,40,0,1,0,0,0,20
E00271,Tiya Rau,29,20-30,4,2-5 Years,Operations Manager,M,Operations,1084564,10-20 Lacs,5,50,Yes,Yes,12,11-20 Hours,5,PhD,1,13,11-15 Days,30.97,40+ kms,1,0,1,1,1,80,1,1,1,1,1,100
E00104,Kanav Bhargava,27,20-30,2,0-2 Years,Operations Manager,M,Operations,918397,1-10 Lacs,5,45,Yes,No,23,21-30 Hours,4,Master's,3,8,6-10 Days,37.61,31-40 kms,1,0,1,0,1,60,0,1,0,1,1,60
E00194,Armaan Ramesh,50,41-50,13,10-15 Years,Recruiter,F,HR,4085055,40-50 Lacs,3,50,Yes,Yes,31,31-40 Hours,4,Bachelor's,1,20,15+ Days,15.4,11-20 kms,1,0,0,0,0,20,1,1,1,1,1,100
E00305,Sumer Keer,35,31-40,10,5-10 Years,Recruiter,F,HR,2324421,20-30 Lacs,2,40,Yes,No,9,0-10 Hours,5,Bachelor's,1,10,6-10 Days,20.14,40+ kms,1,1,0,1,1,80,1,0,1,0,0,40
E00625,Faiyaz Ramesh,33,31-40,8,5-10 Years,Recruiter,F,HR,2851681,20-30 Lacs,1,55,Yes,Yes,43,40+ Hours,3,Master's,5,7,6-10 Days,21.72,21-30 kms,0,1,1,1,1,80,0,1,1,0,0,40
E00516,Oorja Madan,30,20-30,6,5-10 Years,Recruiter,F,HR,2802696,20-30 Lacs,2,55,No,Yes,33,31-40 Hours,3,Bachelor's,4,6,6-10 Days,35.93,31-40 kms,1,0,1,1,0,60,1,0,0,0,0,20
E00014,Elakshi De,28,20-30,2,0-2 Years,Recruiter,F,HR,907328,1-10 Lacs,1,50,No,Yes,16,11-20 Hours,1,Bachelor's,2,1,0-5 Days,27.94,21-30 kms,1,0,1,1,0,60,0,0,1,0,0,20
E00164,Vaibhav Manne,27,20-30,2,0-2 Years,Recruiter,F,HR,858309,1-10 Lacs,4,50,No,No,29,21-30 Hours,5,Diploma,1,5,0-5 Days,49.54,40+ kms,0,1,0,1,1,60,0,0,1,0,0,20
E00059,Miraya Bedi,23,20-30,1,0-2 Years,Recruiter,F,HR,840904,1-10 Lacs,2,55,Yes,Yes,39,31-40 Hours,4,PhD,5,8,6-10 Days,41.91,40+ kms,1,1,1,1,0,80,1,1,1,1,1,100
E00280,Ahana  Behl,24,20-30,1,0-2 Years,Recruiter,F,HR,926268,1-10 Lacs,1,40,Yes,No,32,31-40 Hours,3,PhD,3,3,0-5 Days,43.51,40+ kms,1,1,0,1,0,60,1,1,1,0,1,80
E00687,Bhamini Goel,25,20-30,1,0-2 Years,Recruiter,F,HR,823664,1-10 Lacs,3,45,No,Yes,22,21-30 Hours,3,PhD,1,18,15+ Days,25.96,21-30 kms,1,1,1,0,0,60,0,0,0,1,0,20
E00440,Rhea Borde,50,41-50,29,15+ Years,Recruiter,M,HR,6038265,60-70 Lacs,3,55,Yes,No,8,0-10 Hours,1,PhD,1,11,11-15 Days,39.26,31-40 kms,1,0,0,1,0,40,0,0,1,1,0,40
E00338,Ishaan Gill,45,41-50,20,15+ Years,Recruiter,M,HR,7557706,70-80 Lacs,4,55,No,No,26,21-30 Hours,2,Bachelor's,5,19,15+ Days,8.08,0-10 kms,1,1,1,1,1,100,1,1,1,0,0,60
E00241,Ehsaan Loke,46,41-50,19,15+ Years,Recruiter,M,HR,4198564,40-50 Lacs,5,55,Yes,No,37,31-40 Hours,4,Diploma,4,3,0-5 Days,41.4,40+ kms,0,1,1,1,1,80,0,1,1,1,1,80
E00434,Dhanush Gala,41,41-50,19,15+ Years,Recruiter,M,HR,8445976,80-90 Lacs,2,40,No,Yes,36,31-40 Hours,4,Diploma,4,3,0-5 Days,30.74,40+ kms,1,0,0,0,1,40,1,0,0,0,0,20
E00053,Mahika Thakur,50,41-50,15,10-15 Years,Recruiter,M,HR,4422681,40-50 Lacs,2,40,Yes,No,45,40+ Hours,5,Diploma,4,18,15+ Days,37.97,31-40 kms,1,1,1,1,0,80,0,1,1,0,0,40
E00179,Mahika Raj,50,41-50,15,10-15 Years,Recruiter,M,HR,8144622,80-90 Lacs,5,55,No,Yes,48,40+ Hours,2,Diploma,1,19,15+ Days,37.55,31-40 kms,1,1,1,1,1,100,1,1,0,0,1,60
E00614,Tarini Krishnamurthy,42,41-50,15,10-15 Years,Recruiter,M,HR,5118940,50-60 Lacs,4,55,No,Yes,22,21-30 Hours,4,Master's,1,3,0-5 Days,15.84,11-20 kms,1,0,0,0,1,40,0,0,1,1,1,60
E00342,Ivana Choudhry,42,41-50,14,10-15 Years,Recruiter,M,HR,8907495,80-90 Lacs,2,50,No,Yes,7,0-10 Hours,1,Diploma,2,0,0-5 Days,22.34,21-30 kms,0,0,1,0,0,20,0,1,1,1,0,60
E00248,Kismat Anne,41,41-50,13,10-15 Years,Recruiter,M,HR,6463503,60-70 Lacs,5,45,No,No,10,0-10 Hours,1,Diploma,3,20,15+ Days,32.33,31-40 kms,1,0,0,1,0,40,1,1,1,0,0,60
E00076,Jhanvi Sant,35,31-40,11,10-15 Years,Recruiter,M,HR,4750052,40-50 Lacs,1,45,No,No,32,31-40 Hours,5,Bachelor's,3,3,0-5 Days,23.33,21-30 kms,0,1,1,1,1,80,1,1,1,1,1,100
E00133,Anika Ganguly,48,41-50,10,5-10 Years,Recruiter,M,HR,2190412,20-30 Lacs,4,45,No,Yes,50,40+ Hours,3,Master's,5,11,11-15 Days,25.29,21-30 kms,1,1,1,1,1,100,0,0,0,1,0,20
E00323,Vidur Sethi,36,31-40,5,2-5 Years,Recruiter,M,HR,1825971,10-20 Lacs,4,45,No,No,20,11-20 Hours,4,PhD,4,6,6-10 Days,42.44,40+ kms,0,1,0,0,0,20,1,1,0,1,0,60
E00619,Jayesh Sengupta,50,41-50,4,2-5 Years,Recruiter,M,HR,1533603,10-20 Lacs,4,50,Yes,Yes,37,31-40 Hours,2,Bachelor's,2,18,15+ Days,42.58,40+ kms,1,1,1,1,1,100,0,1,1,1,0,60
E00347,Onkar Atwal,29,20-30,2,0-2 Years,Recruiter,M,HR,664078,1-10 Lacs,2,45,No,No,46,40+ Hours,2,Master's,4,10,6-10 Days,36.24,31-40 kms,1,1,1,1,0,80,0,0,1,0,0,20
E00678,Nitya Biswas,26,20-30,1,0-2 Years,Recruiter,M,HR,529568,1-10 Lacs,4,40,Yes,No,38,31-40 Hours,3,Diploma,2,18,15+ Days,36.83,31-40 kms,1,1,1,1,1,100,1,1,0,1,0,60
E00118,Heer Chakraborty,50,41-50,26,15+ Years,Sales Manager,F,Sales,5993060,50-60 Lacs,3,40,Yes,Yes,9,0-10 Hours,2,PhD,3,1,0-5 Days,39.62,31-40 kms,1,1,0,1,1,80,1,1,1,0,0,60
E00180,Yasmin Anne,43,41-50,10,5-10 Years,Sales Manager,F,Sales,2438054,20-30 Lacs,3,55,No,Yes,9,0-10 Hours,4,Diploma,2,20,15+ Days,39.44,31-40 kms,1,0,0,0,0,20,0,0,1,0,0,20
E00303,Shanaya Kota,50,41-50,9,5-10 Years,Sales Manager,F,Sales,2099553,20-30 Lacs,3,40,Yes,No,28,21-30 Hours,5,Master's,5,3,0-5 Days,27.08,21-30 kms,0,0,0,0,1,20,0,1,0,0,0,20
E00420,Nakul Bajaj,31,31-40,8,5-10 Years,Sales Manager,F,Sales,2831623,20-30 Lacs,3,50,Yes,Yes,9,0-10 Hours,1,Bachelor's,4,11,11-15 Days,49.79,40+ kms,1,0,0,0,0,20,1,0,1,1,1,80
E00396,Miraan Sha,48,41-50,6,5-10 Years,Sales Manager,F,Sales,2956852,20-30 Lacs,5,55,No,Yes,34,31-40 Hours,5,Bachelor's,1,15,11-15 Days,48.41,40+ kms,1,1,0,0,1,60,1,1,1,1,1,100
E00442,Anay Rattan,50,41-50,6,5-10 Years,Sales Manager,F,Sales,2549209,20-30 Lacs,1,40,No,Yes,11,11-20 Hours,1,Master's,1,10,6-10 Days,5.29,0-10 kms,0,1,1,0,0,40,1,1,1,0,1,80
E00622,Arhaan Sanghvi,38,31-40,6,5-10 Years,Sales Manager,F,Sales,2165154,20-30 Lacs,1,55,No,No,28,21-30 Hours,2,Diploma,1,11,11-15 Days,40.74,40+ kms,1,1,0,0,1,60,1,1,1,1,1,100
E00166,Chirag Sura,39,31-40,5,2-5 Years,Sales Manager,F,Sales,1163713,10-20 Lacs,3,40,No,Yes,8,0-10 Hours,1,Diploma,2,7,6-10 Days,30.26,40+ kms,1,1,1,1,1,100,1,0,0,1,1,60
E00170,Tara Uppal,30,20-30,4,2-5 Years,Sales Manager,F,Sales,1260410,10-20 Lacs,1,40,No,No,32,31-40 Hours,3,Bachelor's,4,8,6-10 Days,8.7,0-10 kms,1,0,0,1,1,60,0,1,0,1,1,60
E00029,Ahana  Bath,27,20-30,2,0-2 Years,Sales Manager,F,Sales,734791,1-10 Lacs,4,45,Yes,No,11,11-20 Hours,1,Master's,2,18,15+ Days,24.18,21-30 kms,1,0,0,1,1,60,1,1,1,1,1,100
E00263,Yakshit Chanda,24,20-30,2,0-2 Years,Sales Manager,F,Sales,767022,1-10 Lacs,2,45,No,No,37,31-40 Hours,5,Bachelor's,4,5,0-5 Days,35.02,31-40 kms,1,0,1,1,1,80,0,0,0,1,0,20
E00730,Renee Gour,46,41-50,1,0-2 Years,Sales Manager,F,Sales,678283,1-10 Lacs,3,55,No,No,31,31-40 Hours,2,Bachelor's,3,17,15+ Days,30.98,40+ kms,0,0,0,1,0,20,0,0,1,0,0,20
E00233,Tushar Sant,50,41-50,32,15+ Years,Sales Manager,M,Sales,7884981,70-80 Lacs,1,55,Yes,Yes,11,11-20 Hours,5,Bachelor's,4,15,11-15 Days,27.54,21-30 kms,1,0,1,0,0,40,1,1,1,1,1,100
E00047,Yashvi Chada,50,41-50,25,15+ Years,Sales Manager,M,Sales,5324156,50-60 Lacs,5,55,No,No,30,21-30 Hours,2,Bachelor's,5,11,11-15 Days,39.55,31-40 kms,1,1,0,0,1,60,0,0,0,0,1,20
E00266,Sumer Kashyap,50,41-50,22,15+ Years,Sales Manager,M,Sales,5041212,50-60 Lacs,5,50,Yes,Yes,34,31-40 Hours,4,Bachelor's,2,17,15+ Days,20.29,40+ kms,1,1,1,0,1,80,1,1,1,1,1,100
E00462,Zara Dara,50,41-50,22,15+ Years,Sales Manager,M,Sales,5744824,50-60 Lacs,3,55,Yes,No,46,40+ Hours,4,Master's,2,17,15+ Days,27.5,21-30 kms,1,1,1,1,1,100,1,0,1,0,0,40
E00676,Zoya Batta,50,41-50,22,15+ Years,Sales Manager,M,Sales,9295396,90 Lacs-1 Cr,5,50,Yes,No,28,21-30 Hours,3,Diploma,2,7,6-10 Days,37.62,31-40 kms,1,1,1,1,1,100,0,1,1,1,0,60
E00057,Anvi Cheema,50,41-50,21,15+ Years,Sales Manager,M,Sales,5477645,50-60 Lacs,1,40,Yes,Yes,24,21-30 Hours,1,PhD,2,10,6-10 Days,6.06,0-10 kms,1,1,1,1,1,100,1,1,1,0,1,80
E00471,Jiya Bains,50,41-50,15,10-15 Years,Sales Manager,M,Sales,8735505,80-90 Lacs,4,45,No,No,7,0-10 Hours,5,Bachelor's,3,16,15+ Days,8.71,0-10 kms,0,0,0,0,1,20,0,0,0,0,1,20
E00316,Veer Chad,40,31-40,9,5-10 Years,Sales Manager,M,Sales,2748929,20-30 Lacs,5,50,No,No,27,21-30 Hours,3,PhD,2,8,6-10 Days,27.19,21-30 kms,0,1,1,1,1,80,1,1,1,1,1,100
E00349,Lakshay Virk,33,31-40,6,5-10 Years,Sales Manager,M,Sales,2445779,20-30 Lacs,1,40,Yes,Yes,50,40+ Hours,4,Master's,1,18,15+ Days,47.8,40+ kms,1,1,1,0,1,80,1,1,1,1,0,80
E00244,Saksham Kumar,33,31-40,4,2-5 Years,Sales Manager,M,Sales,1918360,10-20 Lacs,2,55,No,Yes,6,0-10 Hours,4,Master's,2,11,11-15 Days,5.82,0-10 kms,0,0,1,1,1,60,1,0,0,0,1,40
E00623,Priyansh Guha,26,20-30,4,2-5 Years,Sales Manager,M,Sales,1967173,10-20 Lacs,2,40,Yes,No,35,31-40 Hours,2,Master's,4,17,15+ Days,13.98,11-20 kms,1,0,0,0,0,20,1,1,1,1,1,100
E00575,Navya Sangha,27,20-30,3,2-5 Years,Sales Manager,M,Sales,1950367,10-20 Lacs,1,45,No,No,6,0-10 Hours,4,Bachelor's,4,18,15+ Days,42.16,40+ kms,0,1,1,0,0,40,1,1,1,0,1,80
E00688,Divij Barad,30,20-30,2,0-2 Years,Sales Manager,M,Sales,971469,1-10 Lacs,4,40,No,No,10,0-10 Hours,5,PhD,4,20,15+ Days,6.77,0-10 kms,1,1,1,1,1,100,0,1,1,1,1,80
E00703,Shray Dara,24,20-30,2,0-2 Years,Sales Manager,M,Sales,852810,1-10 Lacs,2,40,Yes,No,18,11-20 Hours,5,Diploma,1,14,11-15 Days,8.77,0-10 kms,1,0,1,1,1,80,1,1,1,1,1,100
E00648,Priyansh Sankaran,50,41-50,1,0-2 Years,Sales Manager,M,Sales,549834,1-10 Lacs,1,40,No,No,48,40+ Hours,1,Diploma,5,20,15+ Days,33.03,31-40 kms,1,1,1,1,1,100,1,0,0,1,0,40
E00212,Azad Yohannan,50,41-50,25,15+ Years,Sales Representative,F,Sales,6969732,60-70 Lacs,3,40,No,Yes,7,0-10 Hours,3,Bachelor's,1,7,6-10 Days,16.12,11-20 kms,0,0,0,0,1,20,0,1,1,0,1,60
E00591,Vedika Arya,50,41-50,18,15+ Years,Sales Representative,F,Sales,9633368,90 Lacs-1 Cr,1,45,Yes,No,26,21-30 Hours,4,Diploma,4,11,11-15 Days,11,11-20 kms,1,1,1,1,0,80,0,1,1,0,0,40
E00560,Kanav Hari,43,41-50,13,10-15 Years,Sales Representative,F,Sales,4551969,40-50 Lacs,3,45,No,Yes,27,21-30 Hours,2,PhD,4,4,0-5 Days,11.37,11-20 kms,0,1,0,0,1,40,1,0,0,0,0,20
E00157,Navya Sangha,50,41-50,11,10-15 Years,Sales Representative,F,Sales,9475311,90 Lacs-1 Cr,2,45,Yes,No,50,40+ Hours,3,Master's,4,1,0-5 Days,41.4,40+ kms,1,0,1,0,0,40,1,1,1,1,1,100
E00724,Darshit Loyal,33,31-40,11,10-15 Years,Sales Representative,F,Sales,6318820,60-70 Lacs,3,50,No,No,9,0-10 Hours,2,Diploma,1,8,6-10 Days,21.13,21-30 kms,0,1,1,1,0,60,1,0,0,1,0,40
E00090,Trisha Saini,50,41-50,10,5-10 Years,Sales Representative,F,Sales,2121487,20-30 Lacs,3,45,Yes,No,31,31-40 Hours,5,Diploma,5,5,0-5 Days,45.14,40+ kms,1,0,1,1,1,80,1,1,1,1,1,100
E00530,Shaan Sarma,36,31-40,8,5-10 Years,Sales Representative,F,Sales,2841904,20-30 Lacs,2,50,Yes,No,25,21-30 Hours,5,Master's,5,7,6-10 Days,18.47,11-20 kms,1,0,1,1,1,80,1,0,1,0,1,60
E00086,Rasha Ganesh,28,20-30,5,2-5 Years,Sales Representative,F,Sales,1171392,10-20 Lacs,5,50,Yes,No,32,31-40 Hours,5,Diploma,4,12,11-15 Days,7.39,0-10 kms,1,1,1,0,0,60,1,1,0,1,0,60
E00298,Sumer Raval,29,20-30,5,2-5 Years,Sales Representative,F,Sales,1108629,10-20 Lacs,4,45,No,Yes,19,11-20 Hours,4,Master's,2,9,6-10 Days,17.1,11-20 kms,0,1,0,1,1,60,0,1,1,1,1,80
E00312,Samiha Yohannan,38,31-40,4,2-5 Years,Sales Representative,F,Sales,1308608,10-20 Lacs,1,50,No,No,35,31-40 Hours,5,Bachelor's,2,16,15+ Days,7.84,0-10 kms,0,1,1,1,0,60,0,0,1,1,0,40
E00421,Mamooty Sachdeva,42,41-50,4,2-5 Years,Sales Representative,F,Sales,1996156,10-20 Lacs,4,40,Yes,No,36,31-40 Hours,3,Diploma,3,4,0-5 Days,34.4,31-40 kms,1,1,1,1,0,80,1,1,0,1,1,80
E00476,Ranbir Thakur,27,20-30,1,0-2 Years,Sales Representative,F,Sales,920294,1-10 Lacs,3,50,No,Yes,41,40+ Hours,4,Master's,2,13,11-15 Days,45.91,40+ kms,1,1,0,1,1,80,1,1,1,0,1,80
E00062,Adira Chana,43,41-50,13,10-15 Years,Sales Representative,M,Sales,9193331,90 Lacs-1 Cr,1,50,Yes,No,23,21-30 Hours,5,PhD,4,18,15+ Days,46.75,40+ kms,1,1,1,0,0,60,1,1,1,1,1,100
E00162,Samarth Badami,43,41-50,10,5-10 Years,Sales Representative,M,Sales,2924210,20-30 Lacs,3,45,No,No,15,11-20 Hours,2,Master's,5,20,15+ Days,42.72,40+ kms,1,0,0,1,0,40,0,0,1,0,0,20
E00428,Vaibhav Agrawal,35,31-40,9,5-10 Years,Sales Representative,M,Sales,2035128,20-30 Lacs,3,45,No,Yes,19,11-20 Hours,4,Master's,4,14,11-15 Days,6.41,0-10 kms,0,1,0,1,0,40,0,1,1,1,0,60
E00464,Shalv Vaidya,38,31-40,9,5-10 Years,Sales Representative,M,Sales,2643860,20-30 Lacs,4,40,Yes,Yes,47,40+ Hours,5,Diploma,5,20,15+ Days,43.84,40+ kms,0,1,1,0,1,60,0,1,0,0,0,20
E00146,Madhup De,30,20-30,8,5-10 Years,Sales Representative,M,Sales,2667291,20-30 Lacs,3,50,Yes,Yes,36,31-40 Hours,4,Diploma,1,0,0-5 Days,26.74,21-30 kms,1,0,1,1,1,80,1,1,1,0,1,80
E00443,Charvi Basu,43,41-50,8,5-10 Years,Sales Representative,M,Sales,2431879,20-30 Lacs,5,55,Yes,Yes,36,31-40 Hours,2,Diploma,3,13,11-15 Days,33.38,31-40 kms,1,0,0,1,1,60,1,1,1,1,1,100
E00458,Piya Singh,42,41-50,8,5-10 Years,Sales Representative,M,Sales,2653822,20-30 Lacs,2,45,No,Yes,38,31-40 Hours,2,Bachelor's,3,17,15+ Days,27.84,21-30 kms,0,1,1,1,1,80,0,1,1,1,0,60
E00479,Kavya Bhakta,35,31-40,7,5-10 Years,Sales Representative,M,Sales,2139089,20-30 Lacs,4,50,Yes,Yes,20,11-20 Hours,1,PhD,1,13,11-15 Days,40.81,40+ kms,0,0,0,1,0,20,1,0,0,1,0,40
E00701,Ehsaan Khatri,31,31-40,7,5-10 Years,Sales Representative,M,Sales,2598933,20-30 Lacs,1,55,Yes,No,47,40+ Hours,3,Diploma,5,10,6-10 Days,39.31,31-40 kms,0,1,0,0,1,40,0,0,0,1,1,40
E00087,Nakul Choudhury,47,41-50,6,5-10 Years,Sales Representative,M,Sales,2592705,20-30 Lacs,5,50,Yes,No,21,21-30 Hours,5,Master's,2,14,11-15 Days,20.95,40+ kms,1,0,1,0,1,60,0,1,0,0,1,40
E00597,Divit Kale,29,20-30,6,5-10 Years,Sales Representative,M,Sales,2369060,20-30 Lacs,2,45,No,No,46,40+ Hours,3,PhD,5,15,11-15 Days,13.2,11-20 kms,1,1,1,1,1,100,0,0,0,0,1,20
E00536,Tanya Dugar,34,31-40,5,2-5 Years,Sales Representative,M,Sales,1678779,10-20 Lacs,1,40,Yes,Yes,36,31-40 Hours,1,Master's,1,5,0-5 Days,11,11-20 kms,1,0,0,1,1,60,1,0,1,1,1,80
E00650,Aayush Bhardwaj,39,31-40,5,2-5 Years,Sales Representative,M,Sales,1875555,10-20 Lacs,5,50,No,Yes,35,31-40 Hours,5,PhD,1,11,11-15 Days,6.94,0-10 kms,1,1,1,1,1,100,0,0,0,1,1,40
E00714,Yuvraj  Batra,50,41-50,5,2-5 Years,Sales Representative,M,Sales,1621748,10-20 Lacs,2,40,Yes,Yes,44,40+ Hours,3,Diploma,5,16,15+ Days,42.44,40+ kms,0,0,1,0,0,20,0,0,1,0,1,40
E00028,Hrishita Chaudry,50,41-50,2,0-2 Years,Sales Representative,M,Sales,921381,1-10 Lacs,3,45,Yes,Yes,15,11-20 Hours,5,Bachelor's,4,18,15+ Days,22.08,21-30 kms,0,1,1,1,1,80,1,1,0,1,1,80
E00336,Madhav Ganguly,44,41-50,2,0-2 Years,Sales Representative,M,Sales,879124,1-10 Lacs,2,40,Yes,No,25,21-30 Hours,1,Diploma,5,15,11-15 Days,26.69,21-30 kms,0,1,1,0,0,40,1,1,1,1,1,100
E00317,Aaina Sabharwal,50,41-50,20,15+ Years,Software Engineer,F,IT,8629932,80-90 Lacs,2,45,Yes,No,15,11-20 Hours,4,Diploma,4,6,6-10 Days,23.17,21-30 kms,0,0,0,1,1,40,0,0,1,0,1,40
E00274,Divij Sane,50,41-50,12,10-15 Years,Software Engineer,F,IT,3490000,30-40 Lacs,3,40,Yes,No,37,31-40 Hours,2,Bachelor's,4,0,0-5 Days,12.55,11-20 kms,1,1,0,0,0,40,0,1,1,0,0,40
E00276,Ranbir Raval,50,41-50,11,10-15 Years,Software Engineer,F,IT,7799047,70-80 Lacs,5,55,Yes,Yes,50,40+ Hours,3,Bachelor's,2,20,15+ Days,5.86,0-10 kms,0,1,0,0,1,40,0,0,1,1,0,40
E00664,Shamik Dada,38,31-40,6,5-10 Years,Software Engineer,F,IT,2994470,20-30 Lacs,2,40,Yes,Yes,26,21-30 Hours,3,Bachelor's,2,13,11-15 Days,12.09,11-20 kms,1,1,1,0,0,60,0,0,1,0,0,20
E00360,Dharmajan Baria,29,20-30,4,2-5 Years,Software Engineer,F,IT,1955607,10-20 Lacs,3,40,No,Yes,48,40+ Hours,4,Bachelor's,1,1,0-5 Days,45.67,40+ kms,0,1,0,1,1,60,1,1,0,1,0,60
E00219,Chirag Bawa,42,41-50,1,0-2 Years,Software Engineer,F,IT,705219,1-10 Lacs,3,55,Yes,No,41,40+ Hours,3,Master's,2,4,0-5 Days,12.87,11-20 kms,0,1,0,1,0,40,1,0,1,1,1,80
E00413,Oorja Seshadri,34,31-40,1,0-2 Years,Software Engineer,F,IT,946055,1-10 Lacs,1,50,No,Yes,35,31-40 Hours,1,Master's,1,18,15+ Days,39.69,31-40 kms,0,0,1,0,0,20,0,0,0,0,1,20
E00431,Yuvraj  Hayer,27,20-30,1,0-2 Years,Software Engineer,F,IT,675283,1-10 Lacs,2,40,Yes,No,38,31-40 Hours,3,PhD,4,0,0-5 Days,33.17,31-40 kms,1,1,1,1,1,100,0,1,1,0,0,40
E00320,Lakshay Chander,50,41-50,19,15+ Years,Software Engineer,M,IT,9760813,90 Lacs-1 Cr,1,55,Yes,No,49,40+ Hours,5,PhD,3,0,0-5 Days,32.37,31-40 kms,0,1,1,0,0,40,1,1,1,1,1,100
E00569,Dhanush Ganesan,50,41-50,9,5-10 Years,Software Engineer,M,IT,2534323,20-30 Lacs,1,40,Yes,Yes,50,40+ Hours,2,Diploma,2,6,6-10 Days,42.56,40+ kms,0,1,0,1,1,60,1,1,0,1,1,80
E00549,Sana Bhatnagar,50,41-50,3,2-5 Years,Software Engineer,M,IT,1995760,10-20 Lacs,5,55,Yes,Yes,6,0-10 Hours,4,Bachelor's,5,15,11-15 Days,17.35,11-20 kms,0,1,1,1,0,60,1,0,1,1,1,80
E00389,Ishita Krishnan,32,31-40,1,0-2 Years,Software Engineer,M,IT,586822,1-10 Lacs,2,55,Yes,Yes,36,31-40 Hours,1,Bachelor's,4,8,6-10 Days,7.56,0-10 kms,0,0,1,1,1,60,0,1,0,0,0,20
E00533,Ishita Bose,50,41-50,20,15+ Years,Supply Chain Analyst,F,Operations,5404445,50-60 Lacs,2,50,Yes,No,24,21-30 Hours,5,PhD,2,2,0-5 Days,49.69,40+ kms,1,0,1,0,1,60,0,0,1,1,1,60
E00393,Himmat Singhal,50,41-50,19,15+ Years,Supply Chain Analyst,F,Operations,8164512,80-90 Lacs,3,50,Yes,No,49,40+ Hours,4,Master's,3,8,6-10 Days,46.55,40+ kms,1,0,1,1,1,80,1,1,1,1,1,100
E00708,Pari Iyengar,50,41-50,19,15+ Years,Supply Chain Analyst,F,Operations,8076211,80-90 Lacs,3,45,Yes,Yes,34,31-40 Hours,1,Diploma,2,6,6-10 Days,31.15,31-40 kms,1,1,1,0,0,60,1,1,1,1,1,100
E00436,Zara Wason,50,41-50,18,15+ Years,Supply Chain Analyst,F,Operations,5820711,50-60 Lacs,1,45,No,No,30,21-30 Hours,3,Bachelor's,3,13,11-15 Days,8.01,0-10 kms,0,0,1,0,0,20,1,1,1,1,1,100
E00522,Ryan Kumer,36,31-40,12,10-15 Years,Supply Chain Analyst,F,Operations,9286483,90 Lacs-1 Cr,5,50,Yes,Yes,46,40+ Hours,4,Master's,2,0,0-5 Days,10.53,40+ kms,1,1,0,1,0,60,0,0,0,1,0,20
E00109,Onkar Bhavsar,40,31-40,11,10-15 Years,Supply Chain Analyst,F,Operations,4627510,40-50 Lacs,1,50,No,No,13,11-20 Hours,1,PhD,4,4,0-5 Days,16.4,11-20 kms,0,0,0,1,1,40,0,1,1,0,1,60
E00268,Ritvik Acharya,50,41-50,7,5-10 Years,Supply Chain Analyst,F,Operations,2670802,20-30 Lacs,1,55,No,Yes,28,21-30 Hours,3,PhD,2,1,0-5 Days,46.06,40+ kms,0,1,0,0,0,20,0,1,1,0,0,40
E00525,Samiha Tata,30,20-30,7,5-10 Years,Supply Chain Analyst,F,Operations,2978809,20-30 Lacs,3,40,Yes,Yes,25,21-30 Hours,3,PhD,3,0,0-5 Days,45.37,40+ kms,1,1,1,1,1,100,0,0,1,1,0,40
E00740,Anaya Chakraborty,38,31-40,6,5-10 Years,Supply Chain Analyst,F,Operations,2121064,20-30 Lacs,5,55,Yes,No,46,40+ Hours,2,Bachelor's,2,16,15+ Days,27.86,21-30 kms,1,1,1,1,0,80,0,0,0,0,1,20
E00606,Mishti Bera,29,20-30,5,2-5 Years,Supply Chain Analyst,F,Operations,1784862,10-20 Lacs,5,45,Yes,Yes,39,31-40 Hours,3,PhD,1,2,0-5 Days,30.61,40+ kms,1,1,0,1,0,60,1,1,0,1,0,60
E00519,Tarini Ravi,30,20-30,3,2-5 Years,Supply Chain Analyst,F,Operations,1921314,10-20 Lacs,1,55,No,No,42,40+ Hours,3,Diploma,5,4,0-5 Days,20.48,40+ kms,1,1,1,1,1,100,1,1,1,1,1,100
E00258,Advika Chaudry,48,41-50,1,0-2 Years,Supply Chain Analyst,F,Operations,695025,1-10 Lacs,1,40,No,Yes,35,31-40 Hours,5,Diploma,3,18,15+ Days,18.32,11-20 kms,0,1,1,0,0,40,0,0,0,0,1,20
E00448,Vihaan Amble,30,20-30,1,0-2 Years,Supply Chain Analyst,F,Operations,515171,1-10 Lacs,3,55,No,No,30,21-30 Hours,2,Master's,5,8,6-10 Days,45.06,40+ kms,1,1,0,1,0,60,1,1,0,1,1,80
E00141,Kiaan Shere,50,41-50,27,15+ Years,Supply Chain Analyst,M,Operations,5862089,50-60 Lacs,4,55,Yes,Yes,5,0-10 Hours,4,Master's,3,4,0-5 Days,24.69,21-30 kms,0,0,1,0,0,20,0,0,0,0,1,20
E00186,Zoya Handa,50,41-50,24,15+ Years,Supply Chain Analyst,M,Operations,5913819,50-60 Lacs,1,45,Yes,Yes,15,11-20 Hours,2,Master's,5,4,0-5 Days,41.03,40+ kms,0,0,0,1,1,40,1,1,1,1,0,80
E00039,Madhav Wason,42,41-50,18,15+ Years,Supply Chain Analyst,M,Operations,6456476,60-70 Lacs,3,40,No,No,12,11-20 Hours,4,PhD,1,0,0-5 Days,49.58,40+ kms,1,1,1,1,0,80,0,1,1,1,0,60
E00117,Navya Kalla,50,41-50,12,10-15 Years,Supply Chain Analyst,M,Operations,7495133,70-80 Lacs,1,50,Yes,Yes,17,11-20 Hours,4,Bachelor's,3,16,15+ Days,43.84,40+ kms,0,1,1,1,1,80,1,0,1,0,1,60
E00110,Farhan Viswanathan,50,41-50,8,5-10 Years,Supply Chain Analyst,M,Operations,2017846,20-30 Lacs,2,50,Yes,No,21,21-30 Hours,3,PhD,3,9,6-10 Days,13.58,11-20 kms,1,1,1,0,1,80,1,0,1,1,1,80
E00093,Alia Lalla,32,31-40,5,2-5 Years,Supply Chain Analyst,M,Operations,1604688,10-20 Lacs,4,40,Yes,No,38,31-40 Hours,4,Bachelor's,5,4,0-5 Days,20.82,40+ kms,1,0,1,1,1,80,1,1,1,1,1,100
E00130,Romil Jaggi,50,41-50,5,2-5 Years,Supply Chain Analyst,M,Operations,1837985,10-20 Lacs,1,40,Yes,Yes,15,11-20 Hours,1,Diploma,4,7,6-10 Days,9.64,0-10 kms,0,0,0,1,0,20,1,0,1,0,1,60
E00147,Adah Char,44,41-50,3,2-5 Years,Supply Chain Analyst,M,Operations,1885023,10-20 Lacs,1,45,Yes,Yes,10,0-10 Hours,5,Master's,4,0,0-5 Days,6.35,0-10 kms,1,1,1,0,0,60,1,0,0,0,1,40
E00199,Rati Maharaj,44,41-50,3,2-5 Years,Supply Chain Analyst,M,Operations,1536269,10-20 Lacs,1,50,No,No,42,40+ Hours,2,Master's,2,14,11-15 Days,45.13,40+ kms,1,1,1,1,0,80,0,1,0,0,0,20
E00501,Purab Date,39,31-40,3,2-5 Years,Supply Chain Analyst,M,Operations,1272612,10-20 Lacs,4,40,Yes,No,35,31-40 Hours,1,PhD,5,18,15+ Days,47.52,40+ kms,1,1,0,1,1,80,1,1,0,0,0,40
E00610,Adah Ben,50,41-50,3,2-5 Years,Supply Chain Analyst,M,Operations,1412738,10-20 Lacs,3,40,Yes,No,21,21-30 Hours,3,PhD,4,11,11-15 Days,16.86,11-20 kms,0,1,0,1,1,60,1,1,1,1,1,100
E00363,Advika Ramesh,50,41-50,2,0-2 Years,Supply Chain Analyst,M,Operations,509602,1-10 Lacs,1,45,No,No,44,40+ Hours,2,Bachelor's,2,10,6-10 Days,6.06,0-10 kms,0,1,0,0,0,20,0,1,0,0,0,20
E00517,Azad Dugar,31,31-40,2,0-2 Years,Supply Chain Analyst,M,Operations,960653,1-10 Lacs,2,55,Yes,Yes,21,21-30 Hours,2,Diploma,1,13,11-15 Days,40.77,40+ kms,1,1,0,1,1,80,0,1,0,1,1,60
E00554,Taimur Tiwari,25,20-30,2,0-2 Years,Supply Chain Analyst,M,Operations,749164,1-10 Lacs,1,55,Yes,No,30,21-30 Hours,4,PhD,2,3,0-5 Days,21.77,21-30 kms,0,1,0,1,0,40,1,0,0,0,0,20
E00461,Lakshay Bhardwaj,27,20-30,1,0-2 Years,Supply Chain Analyst,M,Operations,511860,1-10 Lacs,3,45,No,No,25,21-30 Hours,2,Diploma,2,11,11-15 Days,49.88,40+ kms,1,1,1,1,1,100,1,1,1,1,1,100
E00513,Arnav Baria,50,41-50,32,15+ Years,System Administrator,F,IT,5142532,50-60 Lacs,4,40,Yes,Yes,16,11-20 Hours,4,Diploma,5,12,11-15 Days,15.41,11-20 kms,1,1,1,1,1,100,1,0,0,0,0,20
E00692,Reyansh Chaudhry,50,41-50,24,15+ Years,System Administrator,F,IT,4544123,40-50 Lacs,3,50,Yes,Yes,49,40+ Hours,4,Bachelor's,3,13,11-15 Days,12.7,11-20 kms,1,1,1,1,1,100,1,0,0,1,1,60
E00098,Kanav Mahal,48,41-50,18,15+ Years,System Administrator,F,IT,4178047,40-50 Lacs,3,40,No,Yes,20,11-20 Hours,3,Diploma,2,17,15+ Days,49.82,40+ kms,0,1,1,1,1,80,1,1,1,0,1,80
E00208,Ela Vasa,46,41-50,11,10-15 Years,System Administrator,F,IT,9567807,90 Lacs-1 Cr,4,40,Yes,Yes,48,40+ Hours,2,Bachelor's,1,19,15+ Days,32.3,31-40 kms,0,0,0,0,1,20,1,1,1,1,1,100
E00731,Parinaaz Karan,50,41-50,10,5-10 Years,System Administrator,F,IT,2495995,20-30 Lacs,1,45,No,No,21,21-30 Hours,3,PhD,5,11,11-15 Days,36.85,31-40 kms,0,1,1,1,1,80,1,1,1,1,1,100
E00068,Tiya Balakrishnan,34,31-40,9,5-10 Years,System Administrator,F,IT,2005989,20-30 Lacs,5,55,No,No,23,21-30 Hours,2,PhD,5,3,0-5 Days,31.84,31-40 kms,0,0,1,0,0,20,1,1,1,0,0,60
E00585,Piya Hayer,50,41-50,7,5-10 Years,System Administrator,F,IT,2540439,20-30 Lacs,4,50,Yes,Yes,20,11-20 Hours,2,Master's,1,6,6-10 Days,11.65,11-20 kms,0,1,0,0,0,20,0,0,0,0,1,20
E00694,Raunak Handa,50,41-50,5,2-5 Years,System Administrator,F,IT,1866284,10-20 Lacs,1,45,Yes,No,20,11-20 Hours,4,Diploma,2,1,0-5 Days,43.76,40+ kms,0,1,1,1,0,60,0,0,1,0,1,40
E00236,Anvi Gera,50,41-50,4,2-5 Years,System Administrator,F,IT,1418341,10-20 Lacs,5,45,No,No,7,0-10 Hours,3,Diploma,5,2,0-5 Days,5.81,0-10 kms,1,1,1,0,1,80,1,0,1,1,1,80
E00230,Lakshay Agarwal,32,31-40,2,0-2 Years,System Administrator,F,IT,707564,1-10 Lacs,4,50,Yes,Yes,20,11-20 Hours,5,Diploma,3,5,0-5 Days,32.26,31-40 kms,0,0,1,1,0,40,0,1,0,0,0,20
E00004,Anvi Gola,50,41-50,32,15+ Years,System Administrator,M,IT,3858908,30-40 Lacs,1,50,No,No,20,11-20 Hours,3,Bachelor's,2,8,6-10 Days,25.24,21-30 kms,1,1,0,1,1,80,1,0,0,0,0,20
E00592,Adira Mander,50,41-50,30,15+ Years,System Administrator,M,IT,9531991,90 Lacs-1 Cr,5,55,Yes,Yes,47,40+ Hours,2,Master's,2,1,0-5 Days,30.63,40+ kms,1,1,1,1,1,100,1,0,1,1,1,80
E00055,Farhan Badami,42,41-50,19,15+ Years,System Administrator,M,IT,7735979,70-80 Lacs,2,55,Yes,Yes,41,40+ Hours,2,Diploma,1,7,6-10 Days,21.24,21-30 kms,0,1,1,0,1,60,0,1,0,1,1,60
E00207,Shanaya Viswanathan,34,31-40,7,5-10 Years,System Administrator,M,IT,2898786,20-30 Lacs,5,50,No,Yes,48,40+ Hours,4,PhD,5,13,11-15 Days,42.42,40+ kms,1,0,1,0,0,40,1,1,0,0,0,40
E00403,Abram Choudhary,23,20-30,1,0-2 Years,System Administrator,M,IT,811246,1-10 Lacs,1,50,No,Yes,47,40+ Hours,5,Diploma,3,13,11-15 Days,37.25,31-40 kms,1,0,1,0,0,40,1,0,1,1,0,60
